subject_group,subject_id,recording_id,label,murmur_label,auscultation_location,source_murmur_locations,segment_count,supervision_status
14241,14241,14241_AV,Present,Present,AV,AV+MV+PV+TV,7,retained_positive
14241,14241,14241_MV,Present,Present,MV,AV+MV+PV+TV,7,retained_positive
14241,14241,14241_PV,Present,Present,PV,AV+MV+PV+TV,7,retained_positive
14241,14241,14241_TV,Present,Present,TV,AV+MV+PV+TV,12,retained_positive
14998,14998,14998_AV,Absent,Absent,AV,,7,retained_negative
14998,14998,14998_MV,Absent,Absent,MV,,8,retained_negative
14998,14998,14998_PV,Absent,Absent,PV,,7,retained_negative
14998,14998,14998_TV,Absent,Absent,TV,,9,retained_negative
24160,24160,24160_AV,Absent,Absent,AV,,4,retained_negative
24160,24160,24160_MV,Absent,Absent,MV,,8,retained_negative
24160,24160,24160_PV,Absent,Absent,PV,,3,retained_negative
24160,24160,24160_TV,Absent,Absent,TV,,4,retained_negative
2530,2530,2530_AV,Absent,Absent,AV,,8,retained_negative
2530,2530,2530_MV,Absent,Absent,MV,,9,retained_negative
2530,2530,2530_PV,Absent,Absent,PV,,4,retained_negative
2530,2530,2530_TV,Absent,Absent,TV,,4,retained_negative
29045,29045,29045_AV,Present,Present,AV,AV+MV+PV+TV,8,retained_positive
29045,29045,29045_MV,Present,Present,MV,AV+MV+PV+TV,7,retained_positive
29045,29045,29045_PV,Present,Present,PV,AV+MV+PV+TV,7,retained_positive
29045,29045,29045_TV,Present,Present,TV,AV+MV+PV+TV,8,retained_positive
33151,33151,33151_AV,Present,Present,AV,MV+TV,3,ignored_ambiguous
33151,33151,33151_MV,Present,Present,MV,MV+TV,5,retained_positive
33151,33151,33151_PV,Present,Present,PV,MV+TV,6,ignored_ambiguous
33151,33151,33151_TV,Present,Present,TV,MV+TV,6,retained_positive
38337,38337,38337_AV,Absent,Absent,AV,,4,retained_negative
38337,38337,38337_MV,Absent,Absent,MV,,6,retained_negative
39043,39043,39043_AV,Absent,Absent,AV,,3,retained_negative
39043,39043,39043_MV,Absent,Absent,MV,,8,retained_negative
39043,39043,39043_PV,Absent,Absent,PV,,4,retained_negative
39043,39043,39043_TV,Absent,Absent,TV,,3,retained_negative
39403,39403,39403_AV,Absent,Absent,AV,,3,retained_negative
39403,39403,39403_MV,Absent,Absent,MV,,6,retained_negative
39403,39403,39403_PV,Absent,Absent,PV,,6,retained_negative
39403,39403,39403_TV,Absent,Absent,TV,,3,retained_negative
40058,40058,40058_AV,Absent,Absent,AV,,3,retained_negative
40058,40058,40058_MV,Absent,Absent,MV,,11,retained_negative
40058,40058,40058_PV,Absent,Absent,PV,,4,retained_negative
40058,40058,40058_TV,Absent,Absent,TV,,6,retained_negative
40798,40798,40798_AV,Absent,Absent,AV,,7,retained_negative
40798,40798,40798_MV,Absent,Absent,MV,,7,retained_negative
40798,40798,40798_PV,Absent,Absent,PV,,7,retained_negative
40798,40798,40798_TV,Absent,Absent,TV,,10,retained_negative
43852,43852,43852_AV,Absent,Absent,AV,,7,retained_negative
43852,43852,43852_MV,Absent,Absent,MV,,7,retained_negative
43852,43852,43852_PV,Absent,Absent,PV,,6,retained_negative
43852,43852,43852_TV,Absent,Absent,TV,,7,retained_negative
44514,44514,44514_AV,Present,Present,AV,AV+MV+PV+TV,7,retained_positive
44514,44514,44514_MV,Present,Present,MV,AV+MV+PV+TV,7,retained_positive
44514,44514,44514_PV,Present,Present,PV,AV+MV+PV+TV,7,retained_positive
44514,44514,44514_TV,Present,Present,TV,AV+MV+PV+TV,7,retained_positive
45843,45843,45843_AV,Present,Present,AV,MV+TV,7,ignored_ambiguous
45843,45843,45843_MV,Present,Present,MV,MV+TV,7,retained_positive
45843,45843,45843_PV,Present,Present,PV,MV+TV,7,ignored_ambiguous
45843,45843,45843_TV,Present,Present,TV,MV+TV,7,retained_positive
46065,46065,46065_AV,Present,Present,AV,AV+MV+PV+TV,5,retained_positive
46065,46065,46065_MV,Present,Present,MV,AV+MV+PV+TV,6,retained_positive
46065,46065,46065_PV,Present,Present,PV,AV+MV+PV+TV,4,retained_positive
46065,46065,46065_TV,Present,Present,TV,AV+MV+PV+TV,4,retained_positive
46532,46532,46532_AV,Absent,Absent,AV,,7,retained_negative
47002,47002,47002_AV,Present,Present,AV,MV,7,ignored_ambiguous
47002,47002,47002_MV,Present,Present,MV,MV,10,retained_positive
49561,49561,49561_AV,Absent,Absent,AV,,11,retained_negative
49561,49561,49561_MV,Absent,Absent,MV,,11,retained_negative
49561,49561,49561_PV,Absent,Absent,PV,,10,retained_negative
49561,49561,49561_TV,Absent,Absent,TV,,11,retained_negative
49572,49572,49572_MV,Present,Present,MV,MV+PV,10,retained_positive
49572,49572,49572_PV,Present,Present,PV,MV+PV,10,retained_positive
49572,49572,49572_TV,Present,Present,TV,MV+PV,9,ignored_ambiguous
49574,49574,49574_AV,Present,Present,AV,AV+MV+PV+TV,5,retained_positive
49574,49574,49574_MV,Present,Present,MV,AV+MV+PV+TV,8,retained_positive
49574,49574,49574_PV,Present,Present,PV,AV+MV+PV+TV,5,retained_positive
49574,49574,49574_TV,Present,Present,TV,AV+MV+PV+TV,8,retained_positive
49577,49577,49577_AV,Absent,Absent,AV,,11,retained_negative
49577,49577,49577_MV,Absent,Absent,MV,,12,retained_negative
49577,49577,49577_PV,Absent,Absent,PV,,11,retained_negative
49577,49577,49577_TV,Absent,Absent,TV,,14,retained_negative
49585,49585,49585_AV,Absent,Absent,AV,,10,retained_negative
49585,49585,49585_MV,Absent,Absent,MV,,11,retained_negative
49585,49585,49585_PV,Absent,Absent,PV,,10,retained_negative
49585,49585,49585_TV,Absent,Absent,TV,,10,retained_negative
49595,49595,49595_AV,Present,Present,AV,AV+MV,12,retained_positive
49595,49595,49595_MV,Present,Present,MV,AV+MV,11,retained_positive
49598,49598,49598_AV,Absent,Absent,AV,,10,retained_negative
49598,49598,49598_MV,Absent,Absent,MV,,12,retained_negative
49610,49610,49610_AV,Absent,Absent,AV,,13,retained_negative
49610,49610,49610_MV,Absent,Absent,MV,,11,retained_negative
49610,49610,49610_PV,Absent,Absent,PV,,11,retained_negative
49610,49610,49610_TV,Absent,Absent,TV,,10,retained_negative
38337,49622,49622_AV,Absent,Absent,AV,,11,retained_negative
38337,49622,49622_MV,Absent,Absent,MV,,11,retained_negative
49627,49627,49627_AV,Present,Present,AV,AV+MV+PV+TV,10,retained_positive
49627,49627,49627_MV,Present,Present,MV,AV+MV+PV+TV,11,retained_positive
49627,49627,49627_PV,Present,Present,PV,AV+MV+PV+TV,11,retained_positive
49627,49627,49627_TV,Present,Present,TV,AV+MV+PV+TV,11,retained_positive
49628,49628,49628_AV,Present,Present,AV,AV+MV+PV+TV,11,retained_positive
49628,49628,49628_MV,Present,Present,MV,AV+MV+PV+TV,11,retained_positive
49628,49628,49628_PV,Present,Present,PV,AV+MV+PV+TV,10,retained_positive
49628,49628,49628_TV,Present,Present,TV,AV+MV+PV+TV,11,retained_positive
49631,49631,49631_AV,Absent,Absent,AV,,13,retained_negative
49631,49631,49631_MV,Absent,Absent,MV,,11,retained_negative
49659,49659,49659_AV,Absent,Absent,AV,,11,retained_negative
49659,49659,49659_MV,Absent,Absent,MV,,11,retained_negative
49659,49659,49659_PV,Absent,Absent,PV,,11,retained_negative
49659,49659,49659_TV,Absent,Absent,TV,,11,retained_negative
49661,49661,49661_AV,Absent,Absent,AV,,11,retained_negative
49661,49661,49661_MV,Absent,Absent,MV,,11,retained_negative
49678,49678,49678_AV,Absent,Absent,AV,,11,retained_negative
49678,49678,49678_MV,Absent,Absent,MV,,10,retained_negative
49678,49678,49678_PV,Absent,Absent,PV,,9,retained_negative
49678,49678,49678_TV,Absent,Absent,TV,,8,retained_negative
49683,49683,49683_AV,Absent,Absent,AV,,10,retained_negative
49683,49683,49683_MV,Absent,Absent,MV,,10,retained_negative
49683,49683,49683_PV,Absent,Absent,PV,,10,retained_negative
49683,49683,49683_TV,Absent,Absent,TV,,11,retained_negative
49687,49687,49687_AV,Absent,Absent,AV,,10,retained_negative
49687,49687,49687_MV,Absent,Absent,MV,,12,retained_negative
49687,49687,49687_PV,Absent,Absent,PV,,11,retained_negative
49687,49687,49687_TV,Absent,Absent,TV,,11,retained_negative
49691,49691,49691_AV,Present,Present,AV,AV+MV+PV+TV,11,retained_positive
49691,49691,49691_MV,Present,Present,MV,AV+MV+PV+TV,11,retained_positive
49691,49691,49691_PV,Present,Present,PV,AV+MV+PV+TV,11,retained_positive
49691,49691,49691_TV,Present,Present,TV,AV+MV+PV+TV,11,retained_positive
49712,49712,49712_AV,Present,Present,AV,AV+MV+PV+TV,8,retained_positive
49712,49712,49712_MV,Present,Present,MV,AV+MV+PV+TV,12,retained_positive
49712,49712,49712_PV,Present,Present,PV,AV+MV+PV+TV,13,retained_positive
49712,49712,49712_TV,Present,Present,TV,AV+MV+PV+TV,13,retained_positive
49719,49719,49719_AV,Absent,Absent,AV,,11,retained_negative
49719,49719,49719_MV,Absent,Absent,MV,,11,retained_negative
49719,49719,49719_PV,Absent,Absent,PV,,11,retained_negative
49719,49719,49719_TV,Absent,Absent,TV,,11,retained_negative
49729,49729,49729_AV,Absent,Absent,AV,,10,retained_negative
49729,49729,49729_MV,Absent,Absent,MV,,10,retained_negative
49729,49729,49729_PV,Absent,Absent,PV,,10,retained_negative
49729,49729,49729_TV,Absent,Absent,TV,,11,retained_negative
49735,49735,49735_MV,Absent,Absent,MV,,11,retained_negative
49735,49735,49735_PV,Absent,Absent,PV,,11,retained_negative
49735,49735,49735_TV,Absent,Absent,TV,,11,retained_negative
49745,49745,49745_AV,Absent,Absent,AV,,9,retained_negative
49745,49745,49745_MV,Absent,Absent,MV,,8,retained_negative
49745,49745,49745_PV,Absent,Absent,PV,,8,retained_negative
49745,49745,49745_TV,Absent,Absent,TV,,6,retained_negative
49751,49751,49751_AV,Present,Present,AV,MV+PV+TV,10,ignored_ambiguous
49751,49751,49751_MV,Present,Present,MV,MV+PV+TV,12,retained_positive
49751,49751,49751_PV,Present,Present,PV,MV+PV+TV,11,retained_positive
49751,49751,49751_TV,Present,Present,TV,MV+PV+TV,13,retained_positive
49808,49808,49808_MV,Absent,Absent,MV,,5,retained_negative
49808,49808,49808_PV,Absent,Absent,PV,,6,retained_negative
49808,49808,49808_TV,Absent,Absent,TV,,4,retained_negative
45843,49821,49821_AV,Present,Present,AV,AV+MV+PV+TV,10,retained_positive
45843,49821,49821_MV,Present,Present,MV,AV+MV+PV+TV,14,retained_positive
45843,49821,49821_PV,Present,Present,PV,AV+MV+PV+TV,10,retained_positive
45843,49821,49821_TV,Present,Present,TV,AV+MV+PV+TV,11,retained_positive
49823,49823,49823_MV,Present,Present,MV,MV+PV+TV,12,retained_positive
49823,49823,49823_PV,Present,Present,PV,MV+PV+TV,8,retained_positive
49823,49823,49823_TV,Present,Present,TV,MV+PV+TV,8,retained_positive
49824,49824,49824_AV,Present,Present,AV,AV+MV+PV,9,retained_positive
49824,49824,49824_MV,Present,Present,MV,AV+MV+PV,7,retained_positive
49824,49824,49824_PV,Present,Present,PV,AV+MV+PV,5,retained_positive
49838,49838,49838_MV,Present,Present,MV,MV,10,retained_positive
49839,49839,49839_AV,Absent,Absent,AV,,10,retained_negative
49839,49839,49839_MV,Absent,Absent,MV,,10,retained_negative
49839,49839,49839_PV,Absent,Absent,PV,,9,retained_negative
49839,49839,49839_TV,Absent,Absent,TV,,11,retained_negative
49842,49842,49842_AV,Absent,Absent,AV,,11,retained_negative
49842,49842,49842_MV,Absent,Absent,MV,,9,retained_negative
49842,49842,49842_PV,Absent,Absent,PV,,9,retained_negative
49842,49842,49842_TV,Absent,Absent,TV,,9,retained_negative
49853,49853,49853_AV,Absent,Absent,AV,,8,retained_negative
49853,49853,49853_MV,Absent,Absent,MV,,8,retained_negative
49853,49853,49853_PV,Absent,Absent,PV,,7,retained_negative
49853,49853,49853_TV,Absent,Absent,TV,,7,retained_negative
49854,49854,49854_AV,Absent,Absent,AV,,10,retained_negative
49854,49854,49854_MV,Absent,Absent,MV,,10,retained_negative
49854,49854,49854_PV,Absent,Absent,PV,,10,retained_negative
49854,49854,49854_TV,Absent,Absent,TV,,10,retained_negative
49876,49876,49876_AV,Absent,Absent,AV,,10,retained_negative
49876,49876,49876_MV,Absent,Absent,MV,,10,retained_negative
49876,49876,49876_PV,Absent,Absent,PV,,10,retained_negative
49876,49876,49876_TV,Absent,Absent,TV,,11,retained_negative
49896,49896,49896_AV,Absent,Absent,AV,,7,retained_negative
49896,49896,49896_MV,Absent,Absent,MV,,8,retained_negative
49896,49896,49896_PV,Absent,Absent,PV,,8,retained_negative
49896,49896,49896_TV,Absent,Absent,TV,,8,retained_negative
49930,49930,49930_AV,Absent,Absent,AV,,11,retained_negative
49930,49930,49930_MV,Absent,Absent,MV,,10,retained_negative
49930,49930,49930_PV,Absent,Absent,PV,,11,retained_negative
49930,49930,49930_TV,Absent,Absent,TV,,12,retained_negative
49931,49931,49931_AV,Present,Present,AV,AV+PV,11,retained_positive
49931,49931,49931_PV,Present,Present,PV,AV+PV,11,retained_positive
49931,49931,49931_TV,Present,Present,TV,AV+PV,12,ignored_ambiguous
49946,49946,49946_MV,Absent,Absent,MV,,11,retained_negative
49946,49946,49946_PV,Absent,Absent,PV,,11,retained_negative
49946,49946,49946_TV,Absent,Absent,TV,,11,retained_negative
49952,49952,49952_AV,Absent,Absent,AV,,5,retained_negative
49952,49952,49952_MV_1,Absent,Absent,MV,,4,retained_negative
49952,49952,49952_MV_2,Absent,Absent,MV,,7,retained_negative
49952,49952,49952_PV,Absent,Absent,PV,,4,retained_negative
49952,49952,49952_TV,Absent,Absent,TV,,5,retained_negative
49959,49959,49959_AV,Absent,Absent,AV,,9,retained_negative
49959,49959,49959_MV,Absent,Absent,MV,,8,retained_negative
49968,49968,49968_MV,Absent,Absent,MV,,7,retained_negative
49968,49968,49968_PV,Absent,Absent,PV,,6,retained_negative
49968,49968,49968_TV,Absent,Absent,TV,,6,retained_negative
49969,49969,49969_MV,Absent,Absent,MV,,9,retained_negative
49970,49970,49970_AV,Absent,Absent,AV,,7,retained_negative
49970,49970,49970_MV,Absent,Absent,MV,,7,retained_negative
49980,49980,49980_AV,Absent,Absent,AV,,7,retained_negative
49980,49980,49980_MV,Absent,Absent,MV,,6,retained_negative
49980,49980,49980_PV,Absent,Absent,PV,,5,retained_negative
49980,49980,49980_TV,Absent,Absent,TV,,5,retained_negative
49983,49983,49983_AV,Absent,Absent,AV,,5,retained_negative
49983,49983,49983_MV,Absent,Absent,MV,,6,retained_negative
49983,49983,49983_PV,Absent,Absent,PV,,4,retained_negative
49983,49983,49983_TV,Absent,Absent,TV,,4,retained_negative
49986,49986,49986_AV,Absent,Absent,AV,,9,retained_negative
49986,49986,49986_MV,Absent,Absent,MV,,5,retained_negative
49987,49987,49987_AV,Absent,Absent,AV,,5,retained_negative
49987,49987,49987_MV,Absent,Absent,MV,,4,retained_negative
49989,49989,49989_MV,Present,Present,MV,PV,4,ignored_ambiguous
49989,49989,49989_PV,Present,Present,PV,PV,2,retained_positive
49990,49990,49990_AV,Absent,Absent,AV,,6,retained_negative
49990,49990,49990_MV,Absent,Absent,MV,,5,retained_negative
49990,49990,49990_PV,Absent,Absent,PV,,7,retained_negative
49990,49990,49990_TV,Absent,Absent,TV,,6,retained_negative
49993,49993,49993_AV,Absent,Absent,AV,,10,retained_negative
49993,49993,49993_MV,Absent,Absent,MV,,4,retained_negative
49993,49993,49993_PV,Absent,Absent,PV,,7,retained_negative
49993,49993,49993_TV,Absent,Absent,TV,,5,retained_negative
49994,49994,49994_AV,Present,Present,AV,AV+MV+PV+TV,5,retained_positive
49994,49994,49994_MV,Present,Present,MV,AV+MV+PV+TV,3,retained_positive
49994,49994,49994_PV,Present,Present,PV,AV+MV+PV+TV,5,retained_positive
49994,49994,49994_TV,Present,Present,TV,AV+MV+PV+TV,5,retained_positive
49995,49995,49995_AV,Absent,Absent,AV,,13,retained_negative
49995,49995,49995_MV,Absent,Absent,MV,,11,retained_negative
49995,49995,49995_PV,Absent,Absent,PV,,11,retained_negative
49995,49995,49995_TV,Absent,Absent,TV,,12,retained_negative
49999,49999,49999_AV,Absent,Absent,AV,,11,retained_negative
49999,49999,49999_MV,Absent,Absent,MV,,13,retained_negative
49999,49999,49999_PV,Absent,Absent,PV,,11,retained_negative
49999,49999,49999_TV,Absent,Absent,TV,,11,retained_negative
50004,50004,50004_MV,Absent,Absent,MV,,11,retained_negative
50004,50004,50004_PV,Absent,Absent,PV,,11,retained_negative
50004,50004,50004_TV,Absent,Absent,TV,,11,retained_negative
50005,50005,50005_MV,Absent,Absent,MV,,8,retained_negative
50006,50006,50006_AV,Absent,Absent,AV,,12,retained_negative
50006,50006,50006_MV,Absent,Absent,MV,,11,retained_negative
50007,50007,50007_AV,Absent,Absent,AV,,12,retained_negative
50007,50007,50007_MV,Absent,Absent,MV,,9,retained_negative
50007,50007,50007_PV,Absent,Absent,PV,,11,retained_negative
50007,50007,50007_TV,Absent,Absent,TV,,9,retained_negative
50008,50008,50008_AV,Absent,Absent,AV,,11,retained_negative
50008,50008,50008_MV,Absent,Absent,MV,,10,retained_negative
50008,50008,50008_PV,Absent,Absent,PV,,11,retained_negative
50008,50008,50008_TV,Absent,Absent,TV,,10,retained_negative
50009,50009,50009_AV,Absent,Absent,AV,,6,retained_negative
50014,50014,50014_AV,Absent,Absent,AV,,6,retained_negative
50014,50014,50014_MV,Absent,Absent,MV,,3,retained_negative
50014,50014,50014_PV,Absent,Absent,PV,,3,retained_negative
50014,50014,50014_TV,Absent,Absent,TV,,4,retained_negative
50015,50015,50015_AV,Absent,Absent,AV,,11,retained_negative
50015,50015,50015_MV,Absent,Absent,MV,,10,retained_negative
50015,50015,50015_PV,Absent,Absent,PV,,11,retained_negative
50015,50015,50015_TV,Absent,Absent,TV,,11,retained_negative
50017,50017,50017_AV,Absent,Absent,AV,,12,retained_negative
50017,50017,50017_MV,Absent,Absent,MV,,10,retained_negative
50017,50017,50017_PV,Absent,Absent,PV,,11,retained_negative
50017,50017,50017_TV,Absent,Absent,TV,,11,retained_negative
50018,50018,50018_AV,Absent,Absent,AV,,6,retained_negative
50018,50018,50018_MV,Absent,Absent,MV,,8,retained_negative
50023,50023,50023_AV,Absent,Absent,AV,,10,retained_negative
50023,50023,50023_MV,Absent,Absent,MV,,11,retained_negative
50023,50023,50023_PV,Absent,Absent,PV,,11,retained_negative
50023,50023,50023_TV,Absent,Absent,TV,,11,retained_negative
50026,50026,50026_AV,Absent,Absent,AV,,12,retained_negative
50026,50026,50026_MV,Absent,Absent,MV,,7,retained_negative
50027,50027,50027_AV,Absent,Absent,AV,,11,retained_negative
50027,50027,50027_MV,Absent,Absent,MV,,11,retained_negative
50029,50029,50029_AV,Absent,Absent,AV,,11,retained_negative
50029,50029,50029_MV,Absent,Absent,MV,,13,retained_negative
50029,50029,50029_PV,Absent,Absent,PV,,11,retained_negative
50029,50029,50029_TV,Absent,Absent,TV,,11,retained_negative
50034,50034,50034_AV,Absent,Absent,AV,,14,retained_negative
50034,50034,50034_MV,Absent,Absent,MV,,14,retained_negative
50037,50037,50037_AV,Absent,Absent,AV,,11,retained_negative
50037,50037,50037_MV,Absent,Absent,MV,,11,retained_negative
50043,50043,50043_AV,Absent,Absent,AV,,9,retained_negative
50043,50043,50043_PV,Absent,Absent,PV,,8,retained_negative
50043,50043,50043_TV,Absent,Absent,TV,,14,retained_negative
50047,50047,50047_MV,Absent,Absent,MV,,11,retained_negative
50047,50047,50047_PV,Absent,Absent,PV,,10,retained_negative
50047,50047,50047_TV,Absent,Absent,TV,,11,retained_negative
50049,50049,50049_AV,Absent,Absent,AV,,7,retained_negative
50049,50049,50049_MV,Absent,Absent,MV,,10,retained_negative
50049,50049,50049_PV,Absent,Absent,PV,,8,retained_negative
50049,50049,50049_TV,Absent,Absent,TV,,9,retained_negative
50054,50054,50054_AV,Present,Present,AV,MV+PV,8,ignored_ambiguous
50054,50054,50054_MV,Present,Present,MV,MV+PV,7,retained_positive
50054,50054,50054_PV,Present,Present,PV,MV+PV,7,retained_positive
50054,50054,50054_TV,Present,Present,TV,MV+PV,7,ignored_ambiguous
50057,50057,50057_MV,Absent,Absent,MV,,8,retained_negative
50057,50057,50057_PV,Absent,Absent,PV,,5,retained_negative
50057,50057,50057_TV,Absent,Absent,TV,,7,retained_negative
50061,50061,50061_AV,Absent,Absent,AV,,11,retained_negative
50061,50061,50061_MV,Absent,Absent,MV,,12,retained_negative
50061,50061,50061_PV,Absent,Absent,PV,,11,retained_negative
50061,50061,50061_TV,Absent,Absent,TV,,12,retained_negative
50066,50066,50066_AV,Absent,Absent,AV,,11,retained_negative
50066,50066,50066_MV,Absent,Absent,MV,,12,retained_negative
50070,50070,50070_AV,Absent,Absent,AV,,11,retained_negative
50070,50070,50070_MV,Absent,Absent,MV,,11,retained_negative
50070,50070,50070_PV,Absent,Absent,PV,,10,retained_negative
50070,50070,50070_TV,Absent,Absent,TV,,11,retained_negative
50072,50072,50072_MV,Absent,Absent,MV,,11,retained_negative
50072,50072,50072_PV,Absent,Absent,PV,,12,retained_negative
50072,50072,50072_TV,Absent,Absent,TV,,11,retained_negative
50074,50074,50074_AV,Absent,Absent,AV,,10,retained_negative
50074,50074,50074_MV,Absent,Absent,MV,,11,retained_negative
50074,50074,50074_PV,Absent,Absent,PV,,10,retained_negative
50074,50074,50074_TV,Absent,Absent,TV,,10,retained_negative
50076,50076,50076_AV,Absent,Absent,AV,,9,retained_negative
50076,50076,50076_MV,Absent,Absent,MV,,10,retained_negative
50076,50076,50076_PV,Absent,Absent,PV,,9,retained_negative
50076,50076,50076_TV,Absent,Absent,TV,,10,retained_negative
50077,50077,50077_MV,Absent,Absent,MV,,9,retained_negative
50085,50085,50085_AV,Absent,Absent,AV,,5,retained_negative
50085,50085,50085_MV,Absent,Absent,MV,,8,retained_negative
50085,50085,50085_PV,Absent,Absent,PV,,6,retained_negative
50085,50085,50085_TV,Absent,Absent,TV,,6,retained_negative
50089,50089,50089_AV,Absent,Absent,AV,,8,retained_negative
50089,50089,50089_PV,Absent,Absent,PV,,9,retained_negative
50089,50089,50089_TV,Absent,Absent,TV,,10,retained_negative
50092,50092,50092_AV,Absent,Absent,AV,,10,retained_negative
50092,50092,50092_MV,Absent,Absent,MV,,10,retained_negative
50092,50092,50092_PV,Absent,Absent,PV,,9,retained_negative
50092,50092,50092_TV,Absent,Absent,TV,,10,retained_negative
50099,50099,50099_MV,Present,Present,MV,MV+PV+TV,10,retained_positive
50099,50099,50099_PV,Present,Present,PV,MV+PV+TV,10,retained_positive
50099,50099,50099_TV,Present,Present,TV,MV+PV+TV,11,retained_positive
50100,50100,50100_AV,Absent,Absent,AV,,12,retained_negative
50100,50100,50100_MV,Absent,Absent,MV,,14,retained_negative
50103,50103,50103_AV,Absent,Absent,AV,,10,retained_negative
50103,50103,50103_MV,Absent,Absent,MV,,10,retained_negative
50103,50103,50103_PV,Absent,Absent,PV,,9,retained_negative
50103,50103,50103_TV,Absent,Absent,TV,,9,retained_negative
50104,50104,50104_AV,Absent,Absent,AV,,10,retained_negative
50104,50104,50104_MV,Absent,Absent,MV,,10,retained_negative
50104,50104,50104_PV,Absent,Absent,PV,,10,retained_negative
50104,50104,50104_TV,Absent,Absent,TV,,10,retained_negative
50105,50105,50105_MV,Absent,Absent,MV,,10,retained_negative
50105,50105,50105_PV,Absent,Absent,PV,,6,retained_negative
50105,50105,50105_TV,Absent,Absent,TV,,10,retained_negative
50109,50109,50109_AV,Absent,Absent,AV,,11,retained_negative
50109,50109,50109_MV,Absent,Absent,MV,,11,retained_negative
50109,50109,50109_PV,Absent,Absent,PV,,10,retained_negative
50109,50109,50109_TV,Absent,Absent,TV,,10,retained_negative
50113,50113,50113_AV,Absent,Absent,AV,,6,retained_negative
50113,50113,50113_MV,Absent,Absent,MV,,11,retained_negative
50113,50113,50113_PV,Absent,Absent,PV,,8,retained_negative
50113,50113,50113_TV,Absent,Absent,TV,,10,retained_negative
50117,50117,50117_MV,Absent,Absent,MV,,10,retained_negative
50117,50117,50117_PV,Absent,Absent,PV,,10,retained_negative
50117,50117,50117_TV,Absent,Absent,TV,,10,retained_negative
50118,50118,50118_MV,Present,Present,MV,PV,10,ignored_ambiguous
50118,50118,50118_PV,Present,Present,PV,PV,10,retained_positive
50118,50118,50118_TV,Present,Present,TV,PV,10,ignored_ambiguous
50119,50119,50119_PV,Absent,Absent,PV,,11,retained_negative
50121,50121,50121_PV,Absent,Absent,PV,,11,retained_negative
50121,50121,50121_TV,Absent,Absent,TV,,14,retained_negative
50122,50122,50122_MV,Absent,Absent,MV,,10,retained_negative
50122,50122,50122_PV,Absent,Absent,PV,,10,retained_negative
50122,50122,50122_TV,Absent,Absent,TV,,10,retained_negative
50125,50125,50125_MV,Absent,Absent,MV,,7,retained_negative
50125,50125,50125_PV,Absent,Absent,PV,,10,retained_negative
50125,50125,50125_TV,Absent,Absent,TV,,10,retained_negative
50126,50126,50126_AV,Absent,Absent,AV,,10,retained_negative
50126,50126,50126_MV,Absent,Absent,MV,,10,retained_negative
50126,50126,50126_PV,Absent,Absent,PV,,7,retained_negative
50126,50126,50126_TV,Absent,Absent,TV,,8,retained_negative
50127,50127,50127_AV,Present,Present,AV,MV+TV,9,ignored_ambiguous
50127,50127,50127_MV,Present,Present,MV,MV+TV,11,retained_positive
50127,50127,50127_PV,Present,Present,PV,MV+TV,6,ignored_ambiguous
50127,50127,50127_TV,Present,Present,TV,MV+TV,7,retained_positive
50128,50128,50128_AV,Absent,Absent,AV,,10,retained_negative
50128,50128,50128_MV,Absent,Absent,MV,,10,retained_negative
50128,50128,50128_PV,Absent,Absent,PV,,10,retained_negative
50128,50128,50128_TV,Absent,Absent,TV,,10,retained_negative
50129,50129,50129_AV,Present,Present,AV,AV+MV+PV+TV,5,retained_positive
50129,50129,50129_MV,Present,Present,MV,AV+MV+PV+TV,7,retained_positive
50129,50129,50129_PV,Present,Present,PV,AV+MV+PV+TV,7,retained_positive
50129,50129,50129_TV,Present,Present,TV,AV+MV+PV+TV,6,retained_positive
50136,50136,50136_AV,Present,Present,AV,AV+MV,12,retained_positive
50136,50136,50136_MV,Present,Present,MV,AV+MV,11,retained_positive
50137,50137,50137_MV,Absent,Absent,MV,,10,retained_negative
50137,50137,50137_PV,Absent,Absent,PV,,10,retained_negative
50137,50137,50137_TV,Absent,Absent,TV,,10,retained_negative
50141,50141,50141_AV,Absent,Absent,AV,,11,retained_negative
50142,50142,50142_AV,Absent,Absent,AV,,13,retained_negative
50142,50142,50142_MV,Absent,Absent,MV,,10,retained_negative
50145,50145,50145_MV,Absent,Absent,MV,,13,retained_negative
50146,50146,50146_MV,Absent,Absent,MV,,14,retained_negative
50149,50149,50149_MV,Present,Present,MV,MV,23,retained_positive
50149,50149,50149_PV,Present,Present,PV,MV,2,ignored_ambiguous
50150,50150,50150_AV,Present,Present,AV,AV+PV+TV,10,retained_positive
50150,50150,50150_MV,Present,Present,MV,AV+PV+TV,10,ignored_ambiguous
50150,50150,50150_PV,Present,Present,PV,AV+PV+TV,9,retained_positive
50150,50150,50150_TV,Present,Present,TV,AV+PV+TV,11,retained_positive
50155,50155,50155_AV,Absent,Absent,AV,,11,retained_negative
50155,50155,50155_PV,Absent,Absent,PV,,11,retained_negative
50155,50155,50155_TV,Absent,Absent,TV,,9,retained_negative
50159,50159,50159_MV,Present,Present,MV,MV,10,retained_positive
50159,50159,50159_PV,Present,Present,PV,MV,10,ignored_ambiguous
50159,50159,50159_TV,Present,Present,TV,MV,10,ignored_ambiguous
50160,50160,50160_MV,Absent,Absent,MV,,9,retained_negative
50160,50160,50160_PV,Absent,Absent,PV,,6,retained_negative
50160,50160,50160_TV,Absent,Absent,TV,,9,retained_negative
50161,50161,50161_MV,Present,Present,MV,MV+PV+TV,10,retained_positive
50161,50161,50161_PV,Present,Present,PV,MV+PV+TV,10,retained_positive
50161,50161,50161_TV,Present,Present,TV,MV+PV+TV,9,retained_positive
50164,50164,50164_MV,Absent,Absent,MV,,11,retained_negative
50164,50164,50164_PV,Absent,Absent,PV,,10,retained_negative
50164,50164,50164_TV,Absent,Absent,TV,,12,retained_negative
50166,50166,50166_MV,Absent,Absent,MV,,15,retained_negative
50174,50174,50174_AV,Absent,Absent,AV,,5,retained_negative
50174,50174,50174_MV,Absent,Absent,MV,,4,retained_negative
50174,50174,50174_PV,Absent,Absent,PV,,3,retained_negative
50174,50174,50174_TV,Absent,Absent,TV,,4,retained_negative
50206,50206,50206_MV,Absent,Absent,MV,,6,retained_negative
50206,50206,50206_PV,Absent,Absent,PV,,8,retained_negative
50206,50206,50206_TV,Absent,Absent,TV,,7,retained_negative
50207,50207,50207_AV,Absent,Absent,AV,,10,retained_negative
50207,50207,50207_MV,Absent,Absent,MV,,10,retained_negative
50210,50210,50210_AV,Absent,Absent,AV,,11,retained_negative
50210,50210,50210_MV_1,Absent,Absent,MV,,5,retained_negative
50210,50210,50210_MV_2,Absent,Absent,MV,,10,retained_negative
50210,50210,50210_PV,Absent,Absent,PV,,11,retained_negative
50210,50210,50210_TV,Absent,Absent,TV,,10,retained_negative
50213,50213,50213_AV,Absent,Absent,AV,,11,retained_negative
50213,50213,50213_MV,Absent,Absent,MV,,10,retained_negative
50213,50213,50213_PV,Absent,Absent,PV,,10,retained_negative
50213,50213,50213_TV,Absent,Absent,TV,,10,retained_negative
50214,50214,50214_AV,Absent,Absent,AV,,11,retained_negative
50214,50214,50214_MV,Absent,Absent,MV,,11,retained_negative
50216,50216,50216_AV,Absent,Absent,AV,,11,retained_negative
50216,50216,50216_MV,Absent,Absent,MV,,11,retained_negative
50216,50216,50216_PV,Absent,Absent,PV,,11,retained_negative
50216,50216,50216_Phc_1,Absent,Absent,Phc,,1,retained_negative
50216,50216,50216_Phc_2,Absent,Absent,Phc,,9,retained_negative
50218,50218,50218_AV,Absent,Absent,AV,,8,retained_negative
50218,50218,50218_MV,Absent,Absent,MV,,8,retained_negative
50218,50218,50218_PV,Absent,Absent,PV,,5,retained_negative
50218,50218,50218_TV,Absent,Absent,TV,,5,retained_negative
50219,50219,50219_AV,Absent,Absent,AV,,13,retained_negative
50219,50219,50219_MV,Absent,Absent,MV,,11,retained_negative
50219,50219,50219_PV,Absent,Absent,PV,,5,retained_negative
50221,50221,50221_AV,Present,Present,AV,AV+MV,12,retained_positive
50221,50221,50221_MV,Present,Present,MV,AV+MV,13,retained_positive
50222,50222,50222_PV,Absent,Absent,PV,,11,retained_negative
50222,50222,50222_TV,Absent,Absent,TV,,12,retained_negative
50225,50225,50225_AV,Absent,Absent,AV,,12,retained_negative
50225,50225,50225_MV,Absent,Absent,MV,,11,retained_negative
50225,50225,50225_PV,Absent,Absent,PV,,10,retained_negative
50225,50225,50225_TV,Absent,Absent,TV,,14,retained_negative
50228,50228,50228_AV,Absent,Absent,AV,,11,retained_negative
50228,50228,50228_MV,Absent,Absent,MV,,14,retained_negative
50230,50230,50230_AV,Absent,Absent,AV,,10,retained_negative
50230,50230,50230_MV,Absent,Absent,MV,,15,retained_negative
50230,50230,50230_PV,Absent,Absent,PV,,10,retained_negative
50230,50230,50230_TV,Absent,Absent,TV,,10,retained_negative
50233,50233,50233_AV,Present,Present,AV,AV+MV+PV+TV,10,retained_positive
50233,50233,50233_MV,Present,Present,MV,AV+MV+PV+TV,11,retained_positive
50233,50233,50233_PV,Present,Present,PV,AV+MV+PV+TV,11,retained_positive
50233,50233,50233_TV,Present,Present,TV,AV+MV+PV+TV,10,retained_positive
50238,50238,50238_AV,Present,Present,AV,AV+MV+PV+TV,5,retained_positive
50238,50238,50238_MV,Present,Present,MV,AV+MV+PV+TV,7,retained_positive
50238,50238,50238_PV,Present,Present,PV,AV+MV+PV+TV,6,retained_positive
50238,50238,50238_TV,Present,Present,TV,AV+MV+PV+TV,7,retained_positive
50239,50239,50239_AV,Absent,Absent,AV,,10,retained_negative
50239,50239,50239_MV,Absent,Absent,MV,,10,retained_negative
50239,50239,50239_PV,Absent,Absent,PV,,12,retained_negative
50239,50239,50239_TV,Absent,Absent,TV,,10,retained_negative
50241,50241,50241_MV,Absent,Absent,MV,,11,retained_negative
50244,50244,50244_AV,Absent,Absent,AV,,12,retained_negative
50244,50244,50244_MV,Absent,Absent,MV,,11,retained_negative
50244,50244,50244_PV,Absent,Absent,PV,,10,retained_negative
50244,50244,50244_TV,Absent,Absent,TV,,11,retained_negative
50247,50247,50247_AV,Absent,Absent,AV,,9,retained_negative
50247,50247,50247_MV,Absent,Absent,MV,,12,retained_negative
50247,50247,50247_PV,Absent,Absent,PV,,11,retained_negative
50250,50250,50250_AV,Absent,Absent,AV,,9,retained_negative
50250,50250,50250_MV,Absent,Absent,MV,,10,retained_negative
50250,50250,50250_PV,Absent,Absent,PV,,10,retained_negative
50250,50250,50250_TV_1,Absent,Absent,TV,,6,retained_negative
50250,50250,50250_TV_2,Absent,Absent,TV,,8,retained_negative
50251,50251,50251_AV,Absent,Absent,AV,,11,retained_negative
50251,50251,50251_MV,Absent,Absent,MV,,9,retained_negative
50256,50256,50256_AV,Present,Present,AV,AV+PV+TV,10,retained_positive
50256,50256,50256_MV,Present,Present,MV,AV+PV+TV,11,ignored_ambiguous
50256,50256,50256_PV,Present,Present,PV,AV+PV+TV,10,retained_positive
50256,50256,50256_TV,Present,Present,TV,AV+PV+TV,10,retained_positive
50258,50258,50258_MV,Present,Present,MV,TV,12,ignored_ambiguous
50258,50258,50258_PV,Present,Present,PV,TV,6,ignored_ambiguous
50258,50258,50258_TV,Present,Present,TV,TV,6,retained_positive
50260,50260,50260_AV,Present,Present,AV,AV+MV+PV+TV,11,retained_positive
50260,50260,50260_MV,Present,Present,MV,AV+MV+PV+TV,10,retained_positive
50260,50260,50260_PV,Present,Present,PV,AV+MV+PV+TV,10,retained_positive
50260,50260,50260_TV,Present,Present,TV,AV+MV+PV+TV,10,retained_positive
50263,50263,50263_AV,Absent,Absent,AV,,6,retained_negative
50263,50263,50263_MV,Absent,Absent,MV,,7,retained_negative
50263,50263,50263_PV,Absent,Absent,PV,,6,retained_negative
50263,50263,50263_TV_1,Absent,Absent,TV,,2,retained_negative
50263,50263,50263_TV_2,Absent,Absent,TV,,5,retained_negative
50264,50264,50264_AV,Absent,Absent,AV,,10,retained_negative
50264,50264,50264_MV,Absent,Absent,MV,,10,retained_negative
50272,50272,50272_AV,Absent,Absent,AV,,10,retained_negative
50272,50272,50272_MV,Absent,Absent,MV,,11,retained_negative
50272,50272,50272_PV,Absent,Absent,PV,,11,retained_negative
50272,50272,50272_TV,Absent,Absent,TV,,10,retained_negative
50275,50275,50275_AV,Absent,Absent,AV,,9,retained_negative
50275,50275,50275_MV,Absent,Absent,MV,,10,retained_negative
50275,50275,50275_PV,Absent,Absent,PV,,10,retained_negative
50275,50275,50275_TV,Absent,Absent,TV,,10,retained_negative
50276,50276,50276_AV,Absent,Absent,AV,,10,retained_negative
50276,50276,50276_MV,Absent,Absent,MV,,10,retained_negative
50276,50276,50276_PV,Absent,Absent,PV,,10,retained_negative
50276,50276,50276_TV,Absent,Absent,TV,,10,retained_negative
50278,50278,50278_AV,Absent,Absent,AV,,10,retained_negative
50278,50278,50278_MV,Absent,Absent,MV,,11,retained_negative
50278,50278,50278_PV,Absent,Absent,PV,,10,retained_negative
50278,50278,50278_TV,Absent,Absent,TV,,9,retained_negative
50285,50285,50285_MV,Present,Present,MV,MV,11,retained_positive
50289,50289,50289_AV,Present,Present,AV,AV+PV+TV,10,retained_positive
50289,50289,50289_MV,Present,Present,MV,AV+PV+TV,10,ignored_ambiguous
50289,50289,50289_PV,Present,Present,PV,AV+PV+TV,9,retained_positive
50289,50289,50289_TV,Present,Present,TV,AV+PV+TV,11,retained_positive
50295,50295,50295_AV,Absent,Absent,AV,,10,retained_negative
50295,50295,50295_MV,Absent,Absent,MV,,14,retained_negative
50295,50295,50295_PV,Absent,Absent,PV,,11,retained_negative
50295,50295,50295_TV,Absent,Absent,TV,,14,retained_negative
50296,50296,50296_AV,Absent,Absent,AV,,10,retained_negative
50296,50296,50296_MV,Absent,Absent,MV,,10,retained_negative
50296,50296,50296_PV,Absent,Absent,PV,,10,retained_negative
50296,50296,50296_TV,Absent,Absent,TV,,13,retained_negative
50297,50297,50297_AV,Absent,Absent,AV,,9,retained_negative
50297,50297,50297_MV,Absent,Absent,MV,,9,retained_negative
50297,50297,50297_PV,Absent,Absent,PV,,9,retained_negative
50297,50297,50297_TV,Absent,Absent,TV,,9,retained_negative
50298,50298,50298_MV,Absent,Absent,MV,,12,retained_negative
50298,50298,50298_PV,Absent,Absent,PV,,11,retained_negative
50298,50298,50298_TV,Absent,Absent,TV,,10,retained_negative
50299,50299,50299_AV,Absent,Absent,AV,,11,retained_negative
50299,50299,50299_MV,Absent,Absent,MV,,10,retained_negative
50299,50299,50299_PV,Absent,Absent,PV,,11,retained_negative
50299,50299,50299_TV,Absent,Absent,TV,,11,retained_negative
50303,50303,50303_AV,Absent,Absent,AV,,8,retained_negative
50303,50303,50303_MV,Absent,Absent,MV,,8,retained_negative
50303,50303,50303_PV,Absent,Absent,PV,,3,retained_negative
50306,50306,50306_AV,Absent,Absent,AV,,10,retained_negative
50306,50306,50306_MV,Absent,Absent,MV,,10,retained_negative
50306,50306,50306_PV,Absent,Absent,PV,,10,retained_negative
50306,50306,50306_TV,Absent,Absent,TV,,10,retained_negative
50312,50312,50312_AV,Absent,Absent,AV,,11,retained_negative
50312,50312,50312_MV,Absent,Absent,MV,,6,retained_negative
50312,50312,50312_PV,Absent,Absent,PV,,11,retained_negative
50312,50312,50312_TV,Absent,Absent,TV,,12,retained_negative
50314,50314,50314_AV,Absent,Absent,AV,,11,retained_negative
50314,50314,50314_MV,Absent,Absent,MV,,11,retained_negative
50314,50314,50314_PV,Absent,Absent,PV,,10,retained_negative
50314,50314,50314_TV,Absent,Absent,TV,,11,retained_negative
50316,50316,50316_AV,Absent,Absent,AV,,12,retained_negative
50316,50316,50316_MV,Absent,Absent,MV,,11,retained_negative
50317,50317,50317_AV,Absent,Absent,AV,,11,retained_negative
50317,50317,50317_PV,Absent,Absent,PV,,10,retained_negative
50317,50317,50317_TV,Absent,Absent,TV,,9,retained_negative
50318,50318,50318_AV,Absent,Absent,AV,,10,retained_negative
50318,50318,50318_MV,Absent,Absent,MV,,10,retained_negative
50318,50318,50318_PV,Absent,Absent,PV,,9,retained_negative
50318,50318,50318_TV,Absent,Absent,TV,,10,retained_negative
50321,50321,50321_AV_1,Absent,Absent,AV,,20,retained_negative
50321,50321,50321_AV_2,Absent,Absent,AV,,11,retained_negative
50321,50321,50321_MV_1,Absent,Absent,MV,,1,retained_negative
50321,50321,50321_MV_2,Absent,Absent,MV,,13,retained_negative
50327,50327,50327_AV,Absent,Absent,AV,,10,retained_negative
50327,50327,50327_MV,Absent,Absent,MV,,12,retained_negative
50327,50327,50327_PV,Absent,Absent,PV,,5,retained_negative
50327,50327,50327_TV,Absent,Absent,TV,,10,retained_negative
50331,50331,50331_AV,Present,Present,AV,AV+MV+PV+TV,5,retained_positive
50331,50331,50331_MV,Present,Present,MV,AV+MV+PV+TV,8,retained_positive
50331,50331,50331_PV,Present,Present,PV,AV+MV+PV+TV,9,retained_positive
50331,50331,50331_TV,Present,Present,TV,AV+MV+PV+TV,8,retained_positive
50332,50332,50332_AV,Present,Present,AV,AV+MV,12,retained_positive
50332,50332,50332_MV,Present,Present,MV,AV+MV,21,retained_positive
50335,50335,50335_AV,Absent,Absent,AV,,10,retained_negative
50335,50335,50335_MV,Absent,Absent,MV,,11,retained_negative
50337,50337,50337_MV,Absent,Absent,MV,,10,retained_negative
50337,50337,50337_PV,Absent,Absent,PV,,10,retained_negative
50337,50337,50337_TV,Absent,Absent,TV,,10,retained_negative
50339,50339,50339_AV,Absent,Absent,AV,,10,retained_negative
50339,50339,50339_MV,Absent,Absent,MV,,10,retained_negative
50339,50339,50339_PV,Absent,Absent,PV,,10,retained_negative
50339,50339,50339_TV,Absent,Absent,TV,,10,retained_negative
50341,50341,50341_AV,Absent,Absent,AV,,7,retained_negative
50341,50341,50341_MV,Absent,Absent,MV,,12,retained_negative
50342,50342,50342_AV,Absent,Absent,AV,,7,retained_negative
50342,50342,50342_MV,Absent,Absent,MV,,6,retained_negative
50343,50343,50343_AV,Absent,Absent,AV,,10,retained_negative
50343,50343,50343_MV,Absent,Absent,MV,,10,retained_negative
50343,50343,50343_PV,Absent,Absent,PV,,11,retained_negative
50343,50343,50343_TV,Absent,Absent,TV,,13,retained_negative
50348,50348,50348_AV_1,Absent,Absent,AV,,1,retained_negative
50348,50348,50348_AV_2,Absent,Absent,AV,,10,retained_negative
50348,50348,50348_MV,Absent,Absent,MV,,10,retained_negative
50348,50348,50348_PV,Absent,Absent,PV,,9,retained_negative
50348,50348,50348_TV,Absent,Absent,TV,,10,retained_negative
50349,50349,50349_AV,Absent,Absent,AV,,11,retained_negative
50349,50349,50349_MV,Absent,Absent,MV,,11,retained_negative
50349,50349,50349_PV,Absent,Absent,PV,,12,retained_negative
50349,50349,50349_TV,Absent,Absent,TV,,11,retained_negative
50354,50354,50354_AV,Absent,Absent,AV,,10,retained_negative
50354,50354,50354_MV,Absent,Absent,MV,,10,retained_negative
50354,50354,50354_PV,Absent,Absent,PV,,11,retained_negative
50354,50354,50354_TV,Absent,Absent,TV,,11,retained_negative
50359,50359,50359_AV,Absent,Absent,AV,,11,retained_negative
50359,50359,50359_MV,Absent,Absent,MV,,12,retained_negative
50359,50359,50359_PV,Absent,Absent,PV,,11,retained_negative
50359,50359,50359_TV,Absent,Absent,TV,,12,retained_negative
50375,50375,50375_AV,Absent,Absent,AV,,10,retained_negative
50375,50375,50375_MV,Absent,Absent,MV,,11,retained_negative
50386,50386,50386_AV,Absent,Absent,AV,,13,retained_negative
50386,50386,50386_MV,Absent,Absent,MV,,11,retained_negative
50386,50386,50386_PV,Absent,Absent,PV,,11,retained_negative
50386,50386,50386_TV,Absent,Absent,TV,,11,retained_negative
50388,50388,50388_AV,Absent,Absent,AV,,10,retained_negative
50388,50388,50388_MV,Absent,Absent,MV,,11,retained_negative
50388,50388,50388_PV,Absent,Absent,PV,,10,retained_negative
50388,50388,50388_TV,Absent,Absent,TV,,10,retained_negative
50391,50391,50391_MV,Absent,Absent,MV,,10,retained_negative
50391,50391,50391_PV,Absent,Absent,PV,,9,retained_negative
50391,50391,50391_TV,Absent,Absent,TV,,10,retained_negative
50393,50393,50393_AV,Absent,Absent,AV,,10,retained_negative
50393,50393,50393_MV,Absent,Absent,MV,,11,retained_negative
50393,50393,50393_PV,Absent,Absent,PV,,11,retained_negative
50393,50393,50393_TV,Absent,Absent,TV,,11,retained_negative
50619,50619,50619_AV,Absent,Absent,AV,,11,retained_negative
50619,50619,50619_MV,Absent,Absent,MV,,10,retained_negative
50619,50619,50619_PV,Absent,Absent,PV,,11,retained_negative
50619,50619,50619_TV,Absent,Absent,TV,,11,retained_negative
50620,50620,50620_PV,Absent,Absent,PV,,16,retained_negative
50620,50620,50620_TV,Absent,Absent,TV,,11,retained_negative
50621,50621,50621_PV,Absent,Absent,PV,,10,retained_negative
50635,50635,50635_AV,Absent,Absent,AV,,22,retained_negative
50635,50635,50635_MV,Absent,Absent,MV,,11,retained_negative
50635,50635,50635_PV,Absent,Absent,PV,,13,retained_negative
50635,50635,50635_TV,Absent,Absent,TV,,11,retained_negative
50641,50641,50641_MV,Absent,Absent,MV,,10,retained_negative
50641,50641,50641_PV,Absent,Absent,PV,,10,retained_negative
50641,50641,50641_TV,Absent,Absent,TV,,13,retained_negative
50644,50644,50644_AV,Absent,Absent,AV,,10,retained_negative
50644,50644,50644_MV,Absent,Absent,MV,,11,retained_negative
50645,50645,50645_AV,Absent,Absent,AV,,10,retained_negative
50645,50645,50645_MV,Absent,Absent,MV,,11,retained_negative
50645,50645,50645_PV,Absent,Absent,PV,,11,retained_negative
50645,50645,50645_TV,Absent,Absent,TV,,11,retained_negative
50649,50649,50649_AV,Absent,Absent,AV,,10,retained_negative
50649,50649,50649_MV,Absent,Absent,MV,,11,retained_negative
50649,50649,50649_PV,Absent,Absent,PV,,11,retained_negative
50649,50649,50649_TV,Absent,Absent,TV,,11,retained_negative
50652,50652,50652_AV,Absent,Absent,AV,,10,retained_negative
50652,50652,50652_MV,Absent,Absent,MV,,11,retained_negative
50654,50654,50654_AV,Absent,Absent,AV,,10,retained_negative
50654,50654,50654_PV,Absent,Absent,PV,,9,retained_negative
50654,50654,50654_TV,Absent,Absent,TV,,10,retained_negative
50655,50655,50655_AV,Absent,Absent,AV,,10,retained_negative
50655,50655,50655_MV,Absent,Absent,MV,,12,retained_negative
50656,50656,50656_AV,Present,Present,AV,MV+TV,11,ignored_ambiguous
50656,50656,50656_MV,Present,Present,MV,MV+TV,11,retained_positive
50656,50656,50656_PV,Present,Present,PV,MV+TV,10,ignored_ambiguous
50656,50656,50656_TV_1,Present,Present,TV,MV+TV,11,retained_positive
50656,50656,50656_TV_2,Present,Present,TV,MV+TV,13,retained_positive
50657,50657,50657_AV,Absent,Absent,AV,,11,retained_negative
50657,50657,50657_MV,Absent,Absent,MV,,12,retained_negative
50657,50657,50657_PV,Absent,Absent,PV,,11,retained_negative
50657,50657,50657_TV,Absent,Absent,TV,,11,retained_negative
50659,50659,50659_AV,Absent,Absent,AV,,12,retained_negative
50659,50659,50659_MV,Absent,Absent,MV,,11,retained_negative
50659,50659,50659_PV,Absent,Absent,PV,,11,retained_negative
50659,50659,50659_TV,Absent,Absent,TV,,11,retained_negative
50665,50665,50665_PV,Absent,Absent,PV,,11,retained_negative
50665,50665,50665_TV,Absent,Absent,TV,,12,retained_negative
50667,50667,50667_AV,Absent,Absent,AV,,11,retained_negative
50667,50667,50667_MV,Absent,Absent,MV,,11,retained_negative
50667,50667,50667_PV,Absent,Absent,PV,,11,retained_negative
50667,50667,50667_TV,Absent,Absent,TV,,11,retained_negative
50668,50668,50668_AV,Absent,Absent,AV,,10,retained_negative
50668,50668,50668_MV,Absent,Absent,MV,,12,retained_negative
50668,50668,50668_PV,Absent,Absent,PV,,11,retained_negative
50668,50668,50668_TV,Absent,Absent,TV,,11,retained_negative
50669,50669,50669_AV,Absent,Absent,AV,,9,retained_negative
50669,50669,50669_MV,Absent,Absent,MV,,11,retained_negative
50669,50669,50669_PV,Absent,Absent,PV,,10,retained_negative
50669,50669,50669_TV,Absent,Absent,TV,,10,retained_negative
50671,50671,50671_MV,Absent,Absent,MV,,8,retained_negative
50673,50673,50673_AV,Absent,Absent,AV,,8,retained_negative
50673,50673,50673_MV,Absent,Absent,MV,,9,retained_negative
50673,50673,50673_PV,Absent,Absent,PV,,9,retained_negative
50673,50673,50673_TV,Absent,Absent,TV,,13,retained_negative
50687,50687,50687_AV,Absent,Absent,AV,,11,retained_negative
50687,50687,50687_MV,Absent,Absent,MV,,11,retained_negative
50687,50687,50687_PV,Absent,Absent,PV,,10,retained_negative
50687,50687,50687_TV,Absent,Absent,TV,,11,retained_negative
50688,50688,50688_AV,Absent,Absent,AV,,10,retained_negative
50688,50688,50688_MV,Absent,Absent,MV,,11,retained_negative
50688,50688,50688_PV,Absent,Absent,PV,,10,retained_negative
50688,50688,50688_TV,Absent,Absent,TV,,10,retained_negative
50690,50690,50690_AV,Absent,Absent,AV,,11,retained_negative
50690,50690,50690_MV_1,Absent,Absent,MV,,2,retained_negative
50690,50690,50690_MV_2,Absent,Absent,MV,,11,retained_negative
50690,50690,50690_PV,Absent,Absent,PV,,11,retained_negative
50690,50690,50690_TV,Absent,Absent,TV,,11,retained_negative
50691,50691,50691_AV,Absent,Absent,AV,,10,retained_negative
50691,50691,50691_MV,Absent,Absent,MV,,12,retained_negative
50691,50691,50691_PV,Absent,Absent,PV,,12,retained_negative
50691,50691,50691_TV,Absent,Absent,TV,,10,retained_negative
50693,50693,50693_AV,Absent,Absent,AV,,11,retained_negative
50693,50693,50693_MV,Absent,Absent,MV,,11,retained_negative
50693,50693,50693_PV,Absent,Absent,PV,,11,retained_negative
50693,50693,50693_TV,Absent,Absent,TV,,10,retained_negative
50699,50699,50699_AV,Absent,Absent,AV,,11,retained_negative
50699,50699,50699_MV,Absent,Absent,MV,,11,retained_negative
50699,50699,50699_PV,Absent,Absent,PV,,11,retained_negative
50699,50699,50699_TV,Absent,Absent,TV,,11,retained_negative
50708,50708,50708_AV,Absent,Absent,AV,,11,retained_negative
50708,50708,50708_MV,Absent,Absent,MV,,11,retained_negative
50708,50708,50708_PV,Absent,Absent,PV,,11,retained_negative
50708,50708,50708_TV,Absent,Absent,TV,,12,retained_negative
50713,50713,50713_AV,Absent,Absent,AV,,11,retained_negative
50713,50713,50713_MV,Absent,Absent,MV,,11,retained_negative
50713,50713,50713_PV,Absent,Absent,PV,,10,retained_negative
50713,50713,50713_TV,Absent,Absent,TV,,10,retained_negative
50715,50715,50715_AV,Absent,Absent,AV,,10,retained_negative
50715,50715,50715_MV,Absent,Absent,MV,,11,retained_negative
50715,50715,50715_PV,Absent,Absent,PV,,10,retained_negative
50715,50715,50715_TV,Absent,Absent,TV,,10,retained_negative
50720,50720,50720_AV,Absent,Absent,AV,,11,retained_negative
50720,50720,50720_MV,Absent,Absent,MV,,13,retained_negative
50721,50721,50721_AV,Absent,Absent,AV,,11,retained_negative
50721,50721,50721_MV,Absent,Absent,MV,,12,retained_negative
50721,50721,50721_PV,Absent,Absent,PV,,10,retained_negative
50721,50721,50721_TV,Absent,Absent,TV,,11,retained_negative
50723,50723,50723_AV,Absent,Absent,AV,,11,retained_negative
50723,50723,50723_MV,Absent,Absent,MV,,11,retained_negative
50723,50723,50723_PV,Absent,Absent,PV,,11,retained_negative
50723,50723,50723_TV,Absent,Absent,TV,,10,retained_negative
50725,50725,50725_AV,Absent,Absent,AV,,14,retained_negative
50725,50725,50725_MV,Absent,Absent,MV,,12,retained_negative
50725,50725,50725_PV,Absent,Absent,PV,,14,retained_negative
50725,50725,50725_TV,Absent,Absent,TV,,11,retained_negative
50727,50727,50727_AV,Absent,Absent,AV,,10,retained_negative
50727,50727,50727_MV,Absent,Absent,MV,,10,retained_negative
50729,50729,50729_AV,Absent,Absent,AV,,10,retained_negative
50729,50729,50729_MV,Absent,Absent,MV,,10,retained_negative
50731,50731,50731_MV,Absent,Absent,MV,,11,retained_negative
50731,50731,50731_PV,Absent,Absent,PV,,11,retained_negative
50731,50731,50731_TV,Absent,Absent,TV,,11,retained_negative
50732,50732,50732_AV,Absent,Absent,AV,,9,retained_negative
50732,50732,50732_MV,Absent,Absent,MV,,14,retained_negative
50732,50732,50732_PV,Absent,Absent,PV,,10,retained_negative
50732,50732,50732_TV,Absent,Absent,TV,,13,retained_negative
50734,50734,50734_AV,Present,Present,AV,AV+MV+PV+Phc+TV,24,retained_positive
50734,50734,50734_MV,Present,Present,MV,AV+MV+PV+Phc+TV,22,retained_positive
50734,50734,50734_PV,Present,Present,PV,AV+MV+PV+Phc+TV,23,retained_positive
50734,50734,50734_Phc,Present,Present,Phc,AV+MV+PV+Phc+TV,11,retained_positive
50734,50734,50734_TV,Present,Present,TV,AV+MV+PV+Phc+TV,22,retained_positive
50735,50735,50735_AV,Present,Present,AV,MV+PV+TV,8,ignored_ambiguous
50735,50735,50735_MV,Present,Present,MV,MV+PV+TV,10,retained_positive
50735,50735,50735_PV,Present,Present,PV,MV+PV+TV,7,retained_positive
50735,50735,50735_TV,Present,Present,TV,MV+PV+TV,8,retained_positive
50736,50736,50736_AV,Present,Present,AV,PV+TV,10,ignored_ambiguous
50736,50736,50736_PV,Present,Present,PV,PV+TV,8,retained_positive
50736,50736,50736_TV,Present,Present,TV,PV+TV,8,retained_positive
50737,50737,50737_MV,Absent,Absent,MV,,19,retained_negative
50737,50737,50737_PV,Absent,Absent,PV,,7,retained_negative
50737,50737,50737_TV,Absent,Absent,TV,,11,retained_negative
50738,50738,50738_AV,Absent,Absent,AV,,11,retained_negative
50738,50738,50738_MV,Absent,Absent,MV,,11,retained_negative
50738,50738,50738_PV,Absent,Absent,PV,,10,retained_negative
50738,50738,50738_TV,Absent,Absent,TV,,11,retained_negative
50740,50740,50740_AV,Absent,Absent,AV,,11,retained_negative
50740,50740,50740_MV,Absent,Absent,MV,,11,retained_negative
50740,50740,50740_PV,Absent,Absent,PV,,10,retained_negative
50740,50740,50740_TV,Absent,Absent,TV,,11,retained_negative
50746,50746,50746_AV,Present,Present,AV,MV,10,ignored_ambiguous
50746,50746,50746_MV,Present,Present,MV,MV,10,retained_positive
50746,50746,50746_PV,Present,Present,PV,MV,11,ignored_ambiguous
50746,50746,50746_TV,Present,Present,TV,MV,10,ignored_ambiguous
50747,50747,50747_AV,Absent,Absent,AV,,10,retained_negative
50747,50747,50747_MV,Absent,Absent,MV,,10,retained_negative
50747,50747,50747_PV,Absent,Absent,PV,,11,retained_negative
50747,50747,50747_TV,Absent,Absent,TV,,11,retained_negative
50748,50748,50748_AV,Absent,Absent,AV,,10,retained_negative
50748,50748,50748_MV,Absent,Absent,MV,,12,retained_negative
50751,50751,50751_AV,Absent,Absent,AV,,10,retained_negative
50751,50751,50751_MV,Absent,Absent,MV,,11,retained_negative
50751,50751,50751_PV,Absent,Absent,PV,,10,retained_negative
50751,50751,50751_TV,Absent,Absent,TV,,10,retained_negative
50752,50752,50752_AV,Absent,Absent,AV,,10,retained_negative
50752,50752,50752_MV,Absent,Absent,MV,,10,retained_negative
50752,50752,50752_PV,Absent,Absent,PV,,9,retained_negative
50752,50752,50752_TV,Absent,Absent,TV,,9,retained_negative
50754,50754,50754_AV,Absent,Absent,AV,,10,retained_negative
50754,50754,50754_MV,Absent,Absent,MV,,11,retained_negative
50754,50754,50754_PV,Absent,Absent,PV,,10,retained_negative
50754,50754,50754_TV,Absent,Absent,TV,,10,retained_negative
50756,50756,50756_AV,Absent,Absent,AV,,12,retained_negative
50756,50756,50756_MV,Absent,Absent,MV,,10,retained_negative
50756,50756,50756_PV,Absent,Absent,PV,,9,retained_negative
50756,50756,50756_TV,Absent,Absent,TV,,9,retained_negative
50757,50757,50757_AV,Present,Present,AV,MV+TV,9,ignored_ambiguous
50757,50757,50757_MV,Present,Present,MV,MV+TV,10,retained_positive
50757,50757,50757_PV,Present,Present,PV,MV+TV,9,ignored_ambiguous
50757,50757,50757_TV,Present,Present,TV,MV+TV,10,retained_positive
50758,50758,50758_AV,Absent,Absent,AV,,10,retained_negative
50758,50758,50758_MV,Absent,Absent,MV,,11,retained_negative
50758,50758,50758_PV,Absent,Absent,PV,,10,retained_negative
50758,50758,50758_TV,Absent,Absent,TV,,10,retained_negative
50762,50762,50762_AV,Absent,Absent,AV,,10,retained_negative
50762,50762,50762_MV,Absent,Absent,MV,,10,retained_negative
50762,50762,50762_PV,Absent,Absent,PV,,10,retained_negative
50762,50762,50762_TV,Absent,Absent,TV,,10,retained_negative
50763,50763,50763_AV,Absent,Absent,AV,,9,retained_negative
50763,50763,50763_MV,Absent,Absent,MV,,9,retained_negative
50763,50763,50763_PV,Absent,Absent,PV,,8,retained_negative
50763,50763,50763_TV,Absent,Absent,TV,,9,retained_negative
50768,50768,50768_AV,Absent,Absent,AV,,10,retained_negative
50770,50770,50770_AV,Absent,Absent,AV,,10,retained_negative
50770,50770,50770_MV,Absent,Absent,MV,,10,retained_negative
50770,50770,50770_PV,Absent,Absent,PV,,10,retained_negative
50770,50770,50770_TV,Absent,Absent,TV,,10,retained_negative
50771,50771,50771_AV,Absent,Absent,AV,,9,retained_negative
50771,50771,50771_MV,Absent,Absent,MV,,10,retained_negative
50771,50771,50771_PV,Absent,Absent,PV,,9,retained_negative
50771,50771,50771_TV,Absent,Absent,TV,,10,retained_negative
50772,50772,50772_AV,Absent,Absent,AV,,10,retained_negative
50772,50772,50772_MV,Absent,Absent,MV,,11,retained_negative
50772,50772,50772_PV,Absent,Absent,PV,,4,retained_negative
50773,50773,50773_AV,Absent,Absent,AV,,11,retained_negative
50773,50773,50773_MV,Absent,Absent,MV,,10,retained_negative
50773,50773,50773_PV,Absent,Absent,PV,,11,retained_negative
50773,50773,50773_TV,Absent,Absent,TV,,11,retained_negative
50776,50776,50776_PV,Absent,Absent,PV,,10,retained_negative
50781,50781,50781_AV,Present,Present,AV,AV+PV,10,retained_positive
50781,50781,50781_MV,Present,Present,MV,AV+PV,10,ignored_ambiguous
50781,50781,50781_PV,Present,Present,PV,AV+PV,10,retained_positive
50781,50781,50781_TV,Present,Present,TV,AV+PV,10,ignored_ambiguous
50782,50782,50782_AV_1,Absent,Absent,AV,,11,retained_negative
50782,50782,50782_AV_2,Absent,Absent,AV,,6,retained_negative
50782,50782,50782_MV_1,Absent,Absent,MV,,10,retained_negative
50782,50782,50782_MV_2,Absent,Absent,MV,,1,retained_negative
50782,50782,50782_PV,Absent,Absent,PV,,11,retained_negative
50782,50782,50782_TV,Absent,Absent,TV,,10,retained_negative
50784,50784,50784_AV,Absent,Absent,AV,,10,retained_negative
50784,50784,50784_MV,Absent,Absent,MV,,11,retained_negative
50784,50784,50784_PV,Absent,Absent,PV,,10,retained_negative
50784,50784,50784_TV,Absent,Absent,TV,,10,retained_negative
50787,50787,50787_MV,Absent,Absent,MV,,10,retained_negative
50788,50788,50788_AV,Absent,Absent,AV,,10,retained_negative
50788,50788,50788_MV,Absent,Absent,MV,,11,retained_negative
50788,50788,50788_PV,Absent,Absent,PV,,11,retained_negative
50788,50788,50788_TV,Absent,Absent,TV,,10,retained_negative
50790,50790,50790_AV,Present,Present,AV,AV+MV,10,retained_positive
50790,50790,50790_MV,Present,Present,MV,AV+MV,10,retained_positive
50796,50796,50796_MV,Absent,Absent,MV,,12,retained_negative
50796,50796,50796_PV,Absent,Absent,PV,,9,retained_negative
50796,50796,50796_TV,Absent,Absent,TV,,10,retained_negative
50797,50797,50797_AV,Absent,Absent,AV,,10,retained_negative
50797,50797,50797_MV,Absent,Absent,MV,,10,retained_negative
50797,50797,50797_PV,Absent,Absent,PV,,10,retained_negative
50797,50797,50797_TV,Absent,Absent,TV,,10,retained_negative
50798,50798,50798_AV,Absent,Absent,AV,,11,retained_negative
50798,50798,50798_MV,Absent,Absent,MV,,11,retained_negative
50798,50798,50798_PV,Absent,Absent,PV,,11,retained_negative
50798,50798,50798_TV,Absent,Absent,TV,,10,retained_negative
50800,50800,50800_AV,Absent,Absent,AV,,10,retained_negative
50800,50800,50800_MV,Absent,Absent,MV,,11,retained_negative
50800,50800,50800_PV,Absent,Absent,PV,,10,retained_negative
50800,50800,50800_TV,Absent,Absent,TV,,10,retained_negative
50802,50802,50802_AV,Absent,Absent,AV,,10,retained_negative
50802,50802,50802_MV,Absent,Absent,MV,,10,retained_negative
50802,50802,50802_PV,Absent,Absent,PV,,10,retained_negative
50802,50802,50802_TV_1,Absent,Absent,TV,,2,retained_negative
50802,50802,50802_TV_2,Absent,Absent,TV,,10,retained_negative
50803,50803,50803_AV,Absent,Absent,AV,,12,retained_negative
50803,50803,50803_MV,Absent,Absent,MV,,10,retained_negative
50803,50803,50803_PV,Absent,Absent,PV,,10,retained_negative
50803,50803,50803_TV,Absent,Absent,TV,,10,retained_negative
50805,50805,50805_MV,Absent,Absent,MV,,11,retained_negative
50805,50805,50805_PV,Absent,Absent,PV,,10,retained_negative
50805,50805,50805_TV,Absent,Absent,TV,,11,retained_negative
50807,50807,50807_AV,Absent,Absent,AV,,10,retained_negative
50807,50807,50807_MV,Absent,Absent,MV,,11,retained_negative
50807,50807,50807_PV,Absent,Absent,PV,,11,retained_negative
50807,50807,50807_TV,Absent,Absent,TV,,10,retained_negative
50812,50812,50812_AV,Absent,Absent,AV,,11,retained_negative
50812,50812,50812_MV,Absent,Absent,MV,,10,retained_negative
50812,50812,50812_PV,Absent,Absent,PV,,11,retained_negative
50812,50812,50812_TV,Absent,Absent,TV,,11,retained_negative
50815,50815,50815_AV,Absent,Absent,AV,,10,retained_negative
50815,50815,50815_MV,Absent,Absent,MV,,10,retained_negative
50815,50815,50815_PV,Absent,Absent,PV,,10,retained_negative
50815,50815,50815_TV,Absent,Absent,TV,,10,retained_negative
50819,50819,50819_AV,Absent,Absent,AV,,10,retained_negative
50819,50819,50819_MV,Absent,Absent,MV,,10,retained_negative
50819,50819,50819_PV,Absent,Absent,PV,,10,retained_negative
50819,50819,50819_TV,Absent,Absent,TV,,10,retained_negative
50822,50822,50822_AV,Absent,Absent,AV,,10,retained_negative
50822,50822,50822_MV,Absent,Absent,MV,,10,retained_negative
50822,50822,50822_PV,Absent,Absent,PV,,11,retained_negative
50822,50822,50822_TV,Absent,Absent,TV,,10,retained_negative
50826,50826,50826_AV,Absent,Absent,AV,,10,retained_negative
50826,50826,50826_MV,Absent,Absent,MV,,11,retained_negative
50826,50826,50826_PV,Absent,Absent,PV,,10,retained_negative
50826,50826,50826_TV,Absent,Absent,TV,,11,retained_negative
50829,50829,50829_AV,Absent,Absent,AV,,12,retained_negative
50829,50829,50829_MV,Absent,Absent,MV,,12,retained_negative
50829,50829,50829_PV,Absent,Absent,PV,,14,retained_negative
51064,51064,51064_MV,Present,Present,MV,MV,7,retained_positive
51331,51331,51331_AV,Absent,Absent,AV,,7,retained_negative
51331,51331,51331_MV,Absent,Absent,MV,,5,retained_negative
51331,51331,51331_PV,Absent,Absent,PV,,7,retained_negative
51331,51331,51331_TV,Absent,Absent,TV,,7,retained_negative
55945,55945,55945_AV,Present,Present,AV,AV+MV+PV+TV,10,retained_positive
55945,55945,55945_MV,Present,Present,MV,AV+MV+PV+TV,9,retained_positive
55945,55945,55945_PV,Present,Present,PV,AV+MV+PV+TV,7,retained_positive
55945,55945,55945_TV,Present,Present,TV,AV+MV+PV+TV,7,retained_positive
57700,57700,57700_MV,Present,Present,MV,PV+TV,9,ignored_ambiguous
57700,57700,57700_PV,Present,Present,PV,PV+TV,8,retained_positive
57700,57700,57700_TV,Present,Present,TV,PV+TV,6,retained_positive
61117,61117,61117_AV,Present,Present,AV,TV,3,ignored_ambiguous
61117,61117,61117_MV,Present,Present,MV,TV,3,ignored_ambiguous
61117,61117,61117_PV,Present,Present,PV,TV,2,ignored_ambiguous
61117,61117,61117_TV,Present,Present,TV,TV,2,retained_positive
64256,64256,64256_MV,Present,Present,MV,MV+PV+TV,4,retained_positive
64256,64256,64256_PV,Present,Present,PV,MV+PV+TV,8,retained_positive
64256,64256,64256_TV,Present,Present,TV,MV+PV+TV,7,retained_positive
64715,64715,64715_MV,Absent,Absent,MV,,5,retained_negative
64715,64715,64715_PV,Absent,Absent,PV,,3,retained_negative
64715,64715,64715_TV,Absent,Absent,TV,,2,retained_negative
49986,68213,68213_AV,Absent,Absent,AV,,7,retained_negative
49986,68213,68213_MV,Absent,Absent,MV,,6,retained_negative
49986,68213,68213_PV,Absent,Absent,PV,,8,retained_negative
49986,68213,68213_TV,Absent,Absent,TV,,7,retained_negative
49896,68219,68219_AV,Absent,Absent,AV,,7,retained_negative
49896,68219,68219_MV,Absent,Absent,MV,,7,retained_negative
49896,68219,68219_PV,Absent,Absent,PV,,7,retained_negative
49896,68219,68219_TV,Absent,Absent,TV,,6,retained_negative
68255,68255,68255_AV,Present,Present,AV,AV+MV+PV+TV,8,retained_positive
68255,68255,68255_MV,Present,Present,MV,AV+MV+PV+TV,7,retained_positive
68255,68255,68255_PV,Present,Present,PV,AV+MV+PV+TV,7,retained_positive
68255,68255,68255_TV,Present,Present,TV,AV+MV+PV+TV,6,retained_positive
50023,68260,68260_AV,Absent,Absent,AV,,3,retained_negative
50023,68260,68260_MV,Absent,Absent,MV,,5,retained_negative
50023,68260,68260_PV,Absent,Absent,PV,,3,retained_negative
50023,68260,68260_TV,Absent,Absent,TV,,2,retained_negative
68269,68269,68269_PV,Absent,Absent,PV,,1,retained_negative
68269,68269,68269_TV,Absent,Absent,TV,,1,retained_negative
68292,68292,68292_AV,Absent,Absent,AV,,4,retained_negative
68292,68292,68292_MV,Absent,Absent,MV,,5,retained_negative
68292,68292,68292_PV,Absent,Absent,PV,,5,retained_negative
68292,68292,68292_TV,Absent,Absent,TV,,3,retained_negative
50054,68303,68303_AV,Present,Present,AV,AV+MV+PV+TV,4,retained_positive
50054,68303,68303_MV,Present,Present,MV,AV+MV+PV+TV,3,retained_positive
50054,68303,68303_PV,Present,Present,PV,AV+MV+PV+TV,4,retained_positive
50054,68303,68303_TV,Present,Present,TV,AV+MV+PV+TV,2,retained_positive
68316,68316,68316_AV,Absent,Absent,AV,,2,retained_negative
68316,68316,68316_MV,Absent,Absent,MV,,5,retained_negative
68316,68316,68316_PV,Absent,Absent,PV,,2,retained_negative
68316,68316,68316_TV,Absent,Absent,TV,,2,retained_negative
68327,68327,68327_AV,Absent,Absent,AV,,5,retained_negative
68327,68327,68327_MV,Absent,Absent,MV,,5,retained_negative
68327,68327,68327_PV,Absent,Absent,PV,,5,retained_negative
68327,68327,68327_TV,Absent,Absent,TV,,7,retained_negative
50127,68337,68337_AV,Present,Present,AV,AV+MV+PV+TV,7,retained_positive
50127,68337,68337_MV,Present,Present,MV,AV+MV+PV+TV,6,retained_positive
50127,68337,68337_PV,Present,Present,PV,AV+MV+PV+TV,7,retained_positive
50127,68337,68337_TV,Present,Present,TV,AV+MV+PV+TV,11,retained_positive
50125,68359,68359_AV,Absent,Absent,AV,,2,retained_negative
50125,68359,68359_MV,Absent,Absent,MV,,3,retained_negative
50125,68359,68359_PV,Absent,Absent,PV,,5,retained_negative
50125,68359,68359_TV,Absent,Absent,TV,,3,retained_negative
50099,68379,68379_AV,Present,Present,AV,AV+MV+PV+TV,3,retained_positive
50099,68379,68379_MV,Present,Present,MV,AV+MV+PV+TV,4,retained_positive
50099,68379,68379_PV,Present,Present,PV,AV+MV+PV+TV,4,retained_positive
50099,68379,68379_TV,Present,Present,TV,AV+MV+PV+TV,3,retained_positive
50155,68394,68394_MV,Absent,Absent,MV,,4,retained_negative
50155,68394,68394_PV,Absent,Absent,PV,,7,retained_negative
50166,68406,68406_AV,Absent,Absent,AV,,5,retained_negative
50166,68406,68406_MV,Absent,Absent,MV,,6,retained_negative
50166,68406,68406_PV,Absent,Absent,PV,,6,retained_negative
50166,68406,68406_TV,Absent,Absent,TV,,6,retained_negative
68412,68412,68412_AV,Absent,Absent,AV,,3,retained_negative
68412,68412,68412_MV,Absent,Absent,MV,,5,retained_negative
68412,68412,68412_PV,Absent,Absent,PV,,3,retained_negative
68412,68412,68412_TV,Absent,Absent,TV,,3,retained_negative
68419,68419,68419_AV,Absent,Absent,AV,,2,retained_negative
68419,68419,68419_MV,Absent,Absent,MV,,8,retained_negative
68419,68419,68419_PV,Absent,Absent,PV,,3,retained_negative
68419,68419,68419_TV,Absent,Absent,TV,,3,retained_negative
68423,68423,68423_AV,Present,Present,AV,MV,3,ignored_ambiguous
68423,68423,68423_MV,Present,Present,MV,MV,5,retained_positive
68423,68423,68423_PV,Present,Present,PV,MV,3,ignored_ambiguous
68423,68423,68423_TV,Present,Present,TV,MV,3,ignored_ambiguous
50150,68425,68425_AV,Present,Present,AV,AV+MV+PV+TV,5,retained_positive
50150,68425,68425_MV,Present,Present,MV,AV+MV+PV+TV,6,retained_positive
50150,68425,68425_PV,Present,Present,PV,AV+MV+PV+TV,7,retained_positive
50150,68425,68425_TV,Present,Present,TV,AV+MV+PV+TV,6,retained_positive
68427,68427,68427_AV,Absent,Absent,AV,,5,retained_negative
68427,68427,68427_MV,Absent,Absent,MV,,7,retained_negative
68427,68427,68427_PV,Absent,Absent,PV,,6,retained_negative
68427,68427,68427_TV,Absent,Absent,TV,,5,retained_negative
68431,68431,68431_AV,Absent,Absent,AV,,6,retained_negative
68431,68431,68431_MV,Absent,Absent,MV,,8,retained_negative
68431,68431,68431_PV,Absent,Absent,PV,,7,retained_negative
68431,68431,68431_TV,Absent,Absent,TV,,7,retained_negative
68432,68432,68432_AV,Present,Present,AV,AV+MV+PV+TV,7,retained_positive
68432,68432,68432_MV,Present,Present,MV,AV+MV+PV+TV,8,retained_positive
68432,68432,68432_PV,Present,Present,PV,AV+MV+PV+TV,7,retained_positive
68432,68432,68432_TV,Present,Present,TV,AV+MV+PV+TV,10,retained_positive
68436,68436,68436_AV,Absent,Absent,AV,,7,retained_negative
68436,68436,68436_MV,Absent,Absent,MV,,6,retained_negative
68436,68436,68436_PV,Absent,Absent,PV,,7,retained_negative
68436,68436,68436_TV,Absent,Absent,TV,,7,retained_negative
68449,68449,68449_AV,Absent,Absent,AV,,7,retained_negative
68449,68449,68449_PV,Absent,Absent,PV,,7,retained_negative
68449,68449,68449_TV,Absent,Absent,TV,,6,retained_negative
50218,68460,68460_AV,Absent,Absent,AV,,7,retained_negative
50218,68460,68460_MV,Absent,Absent,MV,,9,retained_negative
50218,68460,68460_PV,Absent,Absent,PV,,5,retained_negative
50218,68460,68460_TV,Absent,Absent,TV,,7,retained_negative
50216,68465,68465_AV,Absent,Absent,AV,,3,retained_negative
50216,68465,68465_MV,Absent,Absent,MV,,5,retained_negative
50216,68465,68465_PV,Absent,Absent,PV,,1,retained_negative
50216,68465,68465_TV,Absent,Absent,TV,,1,retained_negative
50213,68470,68470_MV,Absent,Absent,MV,,2,retained_negative
50213,68470,68470_TV,Absent,Absent,TV,,1,retained_negative
50230,68477,68477_AV,Absent,Absent,AV,,7,retained_negative
50230,68477,68477_MV,Absent,Absent,MV,,7,retained_negative
50230,68477,68477_PV,Absent,Absent,PV,,7,retained_negative
50230,68477,68477_TV,Absent,Absent,TV,,7,retained_negative
68478,68478,68478_AV,Absent,Absent,AV,,7,retained_negative
68478,68478,68478_MV,Absent,Absent,MV,,4,retained_negative
68478,68478,68478_PV,Absent,Absent,PV,,5,retained_negative
68478,68478,68478_TV,Absent,Absent,TV,,4,retained_negative
50214,68484,68484_AV,Absent,Absent,AV,,4,retained_negative
50214,68484,68484_MV,Absent,Absent,MV,,4,retained_negative
50214,68484,68484_PV,Absent,Absent,PV,,2,retained_negative
50214,68484,68484_TV,Absent,Absent,TV,,2,retained_negative
50233,68487,68487_AV,Present,Present,AV,AV+MV+PV+TV,7,retained_positive
50233,68487,68487_MV,Present,Present,MV,AV+MV+PV+TV,8,retained_positive
50233,68487,68487_PV,Present,Present,PV,AV+MV+PV+TV,7,retained_positive
50233,68487,68487_TV,Present,Present,TV,AV+MV+PV+TV,11,retained_positive
68504,68504,68504_AV,Absent,Absent,AV,,7,retained_negative
68504,68504,68504_MV,Absent,Absent,MV,,10,retained_negative
68504,68504,68504_PV,Absent,Absent,PV,,7,retained_negative
68504,68504,68504_TV,Absent,Absent,TV,,7,retained_negative
50303,68532,68532_AV,Absent,Absent,AV,,3,retained_negative
50303,68532,68532_MV,Absent,Absent,MV,,6,retained_negative
50303,68532,68532_PV,Absent,Absent,PV,,7,retained_negative
50303,68532,68532_TV,Absent,Absent,TV,,7,retained_negative
50312,68545,68545_AV,Absent,Absent,AV,,7,retained_negative
50312,68545,68545_MV,Absent,Absent,MV,,7,retained_negative
50312,68545,68545_PV,Absent,Absent,PV,,8,retained_negative
50312,68545,68545_TV,Absent,Absent,TV,,12,retained_negative
68624,68624,68624_AV,Absent,Absent,AV,,7,retained_negative
68624,68624,68624_MV,Absent,Absent,MV,,7,retained_negative
68624,68624,68624_PV,Absent,Absent,PV,,7,retained_negative
68624,68624,68624_TV,Absent,Absent,TV,,6,retained_negative
68646,68646,68646_AV,Absent,Absent,AV,,6,retained_negative
68646,68646,68646_MV,Absent,Absent,MV,,10,retained_negative
68646,68646,68646_PV,Absent,Absent,PV,,6,retained_negative
68646,68646,68646_TV,Absent,Absent,TV,,4,retained_negative
68659,68659,68659_AV,Absent,Absent,AV,,6,retained_negative
68659,68659,68659_MV,Absent,Absent,MV,,6,retained_negative
68659,68659,68659_PV,Absent,Absent,PV,,8,retained_negative
68659,68659,68659_TV,Absent,Absent,TV,,6,retained_negative
68660,68660,68660_AV,Absent,Absent,AV,,2,retained_negative
68660,68660,68660_MV,Absent,Absent,MV,,5,retained_negative
68660,68660,68660_PV,Absent,Absent,PV,,4,retained_negative
68660,68660,68660_TV,Absent,Absent,TV,,7,retained_negative
68682,68682,68682_AV,Absent,Absent,AV,,4,retained_negative
68682,68682,68682_MV,Absent,Absent,MV,,5,retained_negative
68682,68682,68682_PV,Absent,Absent,PV,,3,retained_negative
68682,68682,68682_TV,Absent,Absent,TV,,4,retained_negative
68702,68702,68702_AV,Absent,Absent,AV,,7,retained_negative
68702,68702,68702_MV,Absent,Absent,MV,,7,retained_negative
68702,68702,68702_PV,Absent,Absent,PV,,7,retained_negative
68702,68702,68702_TV,Absent,Absent,TV,,10,retained_negative
68708,68708,68708_AV,Present,Present,AV,AV+MV+PV+TV,7,retained_positive
68708,68708,68708_MV,Present,Present,MV,AV+MV+PV+TV,7,retained_positive
68708,68708,68708_PV,Present,Present,PV,AV+MV+PV+TV,8,retained_positive
68708,68708,68708_TV,Present,Present,TV,AV+MV+PV+TV,7,retained_positive
68711,68711,68711_AV,Absent,Absent,AV,,7,retained_negative
68711,68711,68711_MV,Absent,Absent,MV,,7,retained_negative
68711,68711,68711_PV,Absent,Absent,PV,,6,retained_negative
68711,68711,68711_TV,Absent,Absent,TV,,10,retained_negative
68737,68737,68737_AV,Absent,Absent,AV,,6,retained_negative
68737,68737,68737_MV,Absent,Absent,MV,,6,retained_negative
68737,68737,68737_PV,Absent,Absent,PV,,6,retained_negative
68737,68737,68737_TV,Absent,Absent,TV,,7,retained_negative
68740,68740,68740_AV,Present,Present,AV,MV+PV+TV,3,ignored_ambiguous
68740,68740,68740_MV,Present,Present,MV,MV+PV+TV,2,retained_positive
68740,68740,68740_PV,Present,Present,PV,MV+PV+TV,2,retained_positive
68740,68740,68740_TV,Present,Present,TV,MV+PV+TV,2,retained_positive
68752,68752,68752_AV,Absent,Absent,AV,,7,retained_negative
68752,68752,68752_MV,Absent,Absent,MV,,6,retained_negative
68752,68752,68752_PV,Absent,Absent,PV,,7,retained_negative
68752,68752,68752_TV,Absent,Absent,TV,,11,retained_negative
68756,68756,68756_MV,Absent,Absent,MV,,10,retained_negative
68756,68756,68756_PV,Absent,Absent,PV,,4,retained_negative
68756,68756,68756_TV,Absent,Absent,TV,,8,retained_negative
68827,68827,68827_AV,Absent,Absent,AV,,8,retained_negative
68827,68827,68827_PV,Absent,Absent,PV,,10,retained_negative
68827,68827,68827_TV,Absent,Absent,TV,,8,retained_negative
50619,68849,68849_AV,Absent,Absent,AV,,4,retained_negative
50619,68849,68849_MV,Absent,Absent,MV,,6,retained_negative
50619,68849,68849_PV,Absent,Absent,PV,,6,retained_negative
50619,68849,68849_TV,Absent,Absent,TV,,6,retained_negative
50625,68857,68857_MV,Absent,Absent,MV,,10,retained_negative
68861,68861,68861_AV,Absent,Absent,AV,,4,retained_negative
68861,68861,68861_MV,Absent,Absent,MV,,8,retained_negative
68861,68861,68861_PV,Absent,Absent,PV,,9,retained_negative
68861,68861,68861_TV,Absent,Absent,TV,,8,retained_negative
50659,68886,68886_AV,Absent,Absent,AV,,6,retained_negative
50659,68886,68886_MV,Absent,Absent,MV,,6,retained_negative
50659,68886,68886_PV,Absent,Absent,PV,,8,retained_negative
50659,68886,68886_TV,Absent,Absent,TV,,7,retained_negative
68887,68887,68887_AV,Absent,Absent,AV,,4,retained_negative
68887,68887,68887_MV,Absent,Absent,MV,,8,retained_negative
68887,68887,68887_TV,Absent,Absent,TV,,6,retained_negative
50652,68888,68888_AV,Absent,Absent,AV,,3,retained_negative
50652,68888,68888_MV,Absent,Absent,MV,,5,retained_negative
50652,68888,68888_PV,Absent,Absent,PV,,7,retained_negative
50652,68888,68888_TV,Absent,Absent,TV,,5,retained_negative
50671,68901,68901_AV,Absent,Absent,AV,,6,retained_negative
50671,68901,68901_MV,Absent,Absent,MV,,7,retained_negative
50671,68901,68901_PV,Absent,Absent,PV,,8,retained_negative
50671,68901,68901_TV,Absent,Absent,TV,,6,retained_negative
50727,68952,68952_AV,Absent,Absent,AV,,6,retained_negative
50727,68952,68952_MV,Absent,Absent,MV,,6,retained_negative
50727,68952,68952_PV,Absent,Absent,PV,,6,retained_negative
50727,68952,68952_TV,Absent,Absent,TV,,6,retained_negative
69066,69066,69066_AV,Absent,Absent,AV,,6,retained_negative
69066,69066,69066_MV,Absent,Absent,MV,,6,retained_negative
69066,69066,69066_PV,Absent,Absent,PV,,7,retained_negative
69066,69066,69066_TV,Absent,Absent,TV,,7,retained_negative
49574,69068,69068_AV,Present,Present,AV,AV+MV+PV+TV,7,retained_positive
49574,69068,69068_MV,Present,Present,MV,AV+MV+PV+TV,7,retained_positive
49574,69068,69068_PV,Present,Present,PV,AV+MV+PV+TV,7,retained_positive
49574,69068,69068_TV,Present,Present,TV,AV+MV+PV+TV,10,retained_positive
49595,69079,69079_AV,Present,Present,AV,AV+MV+PV+TV,7,retained_positive
49595,69079,69079_MV,Present,Present,MV,AV+MV+PV+TV,6,retained_positive
49595,69079,69079_PV,Present,Present,PV,AV+MV+PV+TV,7,retained_positive
49595,69079,69079_TV,Present,Present,TV,AV+MV+PV+TV,11,retained_positive
69093,69093,69093_AV,Present,Present,AV,AV+MV+PV+TV,7,retained_positive
69093,69093,69093_MV,Present,Present,MV,AV+MV+PV+TV,7,retained_positive
69093,69093,69093_PV,Present,Present,PV,AV+MV+PV+TV,7,retained_positive
69093,69093,69093_TV,Present,Present,TV,AV+MV+PV+TV,10,retained_positive
49638,69096,69096_AV,Present,Present,AV,AV+PV,2,retained_positive
49638,69096,69096_MV,Present,Present,MV,AV+PV,3,ignored_ambiguous
49638,69096,69096_PV,Present,Present,PV,AV+PV,2,retained_positive
49638,69096,69096_TV,Present,Present,TV,AV+PV,3,ignored_ambiguous
69106,69106,69106_AV,Absent,Absent,AV,,7,retained_negative
69106,69106,69106_MV,Absent,Absent,MV,,7,retained_negative
69106,69106,69106_PV,Absent,Absent,PV,,7,retained_negative
69106,69106,69106_TV,Absent,Absent,TV,,8,retained_negative
69112,69112,69112_AV,Absent,Absent,AV,,1,retained_negative
69112,69112,69112_MV,Absent,Absent,MV,,5,retained_negative
69112,69112,69112_PV,Absent,Absent,PV,,2,retained_negative
69112,69112,69112_TV,Absent,Absent,TV,,3,retained_negative
49712,69120,69120_AV,Present,Present,AV,MV+PV+TV,3,ignored_ambiguous
49712,69120,69120_MV,Present,Present,MV,MV+PV+TV,7,retained_positive
49712,69120,69120_PV,Present,Present,PV,MV+PV+TV,5,retained_positive
49712,69120,69120_TV,Present,Present,TV,MV+PV+TV,7,retained_positive
49729,69125,69125_AV,Absent,Absent,AV,,7,retained_negative
49729,69125,69125_MV,Absent,Absent,MV,,7,retained_negative
49729,69125,69125_PV,Absent,Absent,PV,,8,retained_negative
49729,69125,69125_TV,Absent,Absent,TV,,7,retained_negative
69129,69129,69129_AV,Absent,Absent,AV,,4,retained_negative
69129,69129,69129_MV,Absent,Absent,MV,,3,retained_negative
69129,69129,69129_PV,Absent,Absent,PV,,4,retained_negative
69129,69129,69129_TV,Absent,Absent,TV,,4,retained_negative
69141,69141,69141_AV,Absent,Absent,AV,,7,retained_negative
69141,69141,69141_MV,Absent,Absent,MV,,6,retained_negative
69141,69141,69141_PV,Absent,Absent,PV,,7,retained_negative
69141,69141,69141_TV,Absent,Absent,TV,,6,retained_negative
69144,69144,69144_AV,Absent,Absent,AV,,9,retained_negative
69144,69144,69144_MV,Absent,Absent,MV,,7,retained_negative
69144,69144,69144_PV,Absent,Absent,PV,,8,retained_negative
69144,69144,69144_TV,Absent,Absent,TV,,8,retained_negative
49823,69147,69147_AV,Present,Present,AV,AV+MV+PV+TV,2,retained_positive
49823,69147,69147_MV,Present,Present,MV,AV+MV+PV+TV,7,retained_positive
49823,69147,69147_PV,Present,Present,PV,AV+MV+PV+TV,5,retained_positive
49823,69147,69147_TV,Present,Present,TV,AV+MV+PV+TV,3,retained_positive
69152,69152,69152_AV,Absent,Absent,AV,,4,retained_negative
69152,69152,69152_MV,Absent,Absent,MV,,6,retained_negative
69152,69152,69152_PV,Absent,Absent,PV,,5,retained_negative
69152,69152,69152_TV,Absent,Absent,TV,,4,retained_negative
49838,69155,69155_MV,Present,Present,MV,MV+PV+TV,7,retained_positive
49838,69155,69155_PV,Present,Present,PV,MV+PV+TV,2,retained_positive
49838,69155,69155_TV,Present,Present,TV,MV+PV+TV,2,retained_positive
69161,69161,69161_AV,Absent,Absent,AV,,6,retained_negative
69161,69161,69161_MV,Absent,Absent,MV,,7,retained_negative
69161,69161,69161_PV,Absent,Absent,PV,,7,retained_negative
69161,69161,69161_TV,Absent,Absent,TV,,7,retained_negative
69174,69174,69174_AV,Absent,Absent,AV,,7,retained_negative
69174,69174,69174_MV,Absent,Absent,MV,,8,retained_negative
69174,69174,69174_PV,Absent,Absent,PV,,7,retained_negative
69174,69174,69174_TV,Absent,Absent,TV,,7,retained_negative
49876,69176,69176_AV,Absent,Absent,AV,,7,retained_negative
49876,69176,69176_MV,Absent,Absent,MV,,7,retained_negative
49876,69176,69176_PV,Absent,Absent,PV,,7,retained_negative
49876,69176,69176_TV,Absent,Absent,TV,,7,retained_negative
69188,69188,69188_AV,Absent,Absent,AV,,8,retained_negative
69188,69188,69188_MV,Absent,Absent,MV,,7,retained_negative
69188,69188,69188_PV,Absent,Absent,PV,,7,retained_negative
69188,69188,69188_TV,Absent,Absent,TV,,6,retained_negative
70280,70280,70280_AV,Absent,Absent,AV,,6,retained_negative
70280,70280,70280_MV,Absent,Absent,MV,,9,retained_negative
73316,73316,73316_AV,Absent,Absent,AV,,5,retained_negative
73316,73316,73316_MV,Absent,Absent,MV,,5,retained_negative
73316,73316,73316_PV,Absent,Absent,PV,,4,retained_negative
73316,73316,73316_TV,Absent,Absent,TV,,4,retained_negative
73497,73497,73497_AV,Present,Present,AV,AV+MV+PV+TV,4,retained_positive
73497,73497,73497_MV,Present,Present,MV,AV+MV+PV+TV,5,retained_positive
73497,73497,73497_PV,Present,Present,PV,AV+MV+PV+TV,3,retained_positive
73497,73497,73497_TV,Present,Present,TV,AV+MV+PV+TV,3,retained_positive
74417,74417,74417_AV,Absent,Absent,AV,,7,retained_negative
74417,74417,74417_MV,Absent,Absent,MV,,5,retained_negative
74417,74417,74417_PV,Absent,Absent,PV,,6,retained_negative
74417,74417,74417_TV,Absent,Absent,TV,,6,retained_negative
74420,74420,74420_AV,Absent,Absent,AV,,4,retained_negative
74420,74420,74420_MV,Absent,Absent,MV,,6,retained_negative
77373,77373,77373_AV,Present,Present,AV,MV+TV,7,ignored_ambiguous
77373,77373,77373_MV,Present,Present,MV,MV+TV,8,retained_positive
77373,77373,77373_PV,Present,Present,PV,MV+TV,7,ignored_ambiguous
77373,77373,77373_TV,Present,Present,TV,MV+TV,5,retained_positive
78280,78280,78280_AV,Present,Present,AV,AV+MV,9,retained_positive
78280,78280,78280_MV,Present,Present,MV,AV+MV,6,retained_positive
78592,78592,78592_AV,Absent,Absent,AV,,7,retained_negative
78592,78592,78592_MV,Absent,Absent,MV,,6,retained_negative
78592,78592,78592_PV,Absent,Absent,PV,,7,retained_negative
78592,78592,78592_TV,Absent,Absent,TV,,11,retained_negative
80348,80348,80348_AV,Absent,Absent,AV,,7,retained_negative
80348,80348,80348_MV,Absent,Absent,MV,,6,retained_negative
80348,80348,80348_PV,Absent,Absent,PV,,10,retained_negative
80348,80348,80348_TV,Absent,Absent,TV,,10,retained_negative
81035,81035,81035_MV,Absent,Absent,MV,,6,retained_negative
81297,81297,81297_AV,Absent,Absent,AV,,3,retained_negative
81297,81297,81297_MV,Absent,Absent,MV,,5,retained_negative
81297,81297,81297_PV,Absent,Absent,PV,,3,retained_negative
81297,81297,81297_TV,Absent,Absent,TV,,2,retained_negative
81501,81501,81501_AV,Absent,Absent,AV,,7,retained_negative
81501,81501,81501_MV,Absent,Absent,MV,,5,retained_negative
81501,81501,81501_PV,Absent,Absent,PV,,4,retained_negative
81501,81501,81501_TV,Absent,Absent,TV,,4,retained_negative
84687,84687,84687_AV,Absent,Absent,AV,,7,retained_negative
84687,84687,84687_MV,Absent,Absent,MV,,7,retained_negative
84688,84688,84688_MV,Absent,Absent,MV,,8,retained_negative
84690,84690,84690_MV,Present,Present,MV,MV+Phc+TV,10,retained_positive
84690,84690,84690_Phc,Present,Present,Phc,MV+Phc+TV,8,retained_positive
84690,84690,84690_TV,Present,Present,TV,MV+Phc+TV,7,retained_positive
84692,84692,84692_AV,Present,Present,AV,AV+MV+PV+TV,5,retained_positive
84692,84692,84692_MV,Present,Present,MV,AV+MV+PV+TV,5,retained_positive
84692,84692,84692_PV,Present,Present,PV,AV+MV+PV+TV,5,retained_positive
84692,84692,84692_TV,Present,Present,TV,AV+MV+PV+TV,4,retained_positive
84696,84696,84696_AV,Absent,Absent,AV,,2,retained_negative
84696,84696,84696_MV,Absent,Absent,MV,,4,retained_negative
84696,84696,84696_PV,Absent,Absent,PV,,3,retained_negative
84696,84696,84696_TV,Absent,Absent,TV,,3,retained_negative
84702,84702,84702_MV,Present,Present,MV,MV+PV+TV,5,retained_positive
84702,84702,84702_PV,Present,Present,PV,MV+PV+TV,4,retained_positive
84702,84702,84702_TV,Present,Present,TV,MV+PV+TV,4,retained_positive
84704,84704,84704_PV,Absent,Absent,PV,,5,retained_negative
84706,84706,84706_AV,Absent,Absent,AV,,4,retained_negative
84706,84706,84706_MV,Absent,Absent,MV,,6,retained_negative
84706,84706,84706_PV,Absent,Absent,PV,,5,retained_negative
84706,84706,84706_TV,Absent,Absent,TV,,5,retained_negative
84708,84708,84708_AV,Absent,Absent,AV,,8,retained_negative
84708,84708,84708_MV,Absent,Absent,MV,,10,retained_negative
84709,84709,84709_AV,Absent,Absent,AV,,5,retained_negative
84709,84709,84709_MV,Absent,Absent,MV,,5,retained_negative
84709,84709,84709_PV,Absent,Absent,PV,,4,retained_negative
84709,84709,84709_TV,Absent,Absent,TV,,4,retained_negative
84721,84721,84721_AV,Absent,Absent,AV,,5,retained_negative
84721,84721,84721_MV,Absent,Absent,MV,,5,retained_negative
84721,84721,84721_PV,Absent,Absent,PV,,4,retained_negative
84721,84721,84721_TV,Absent,Absent,TV,,4,retained_negative
84725,84725,84725_MV,Absent,Absent,MV,,5,retained_negative
84725,84725,84725_PV,Absent,Absent,PV,,5,retained_negative
84725,84725,84725_TV,Absent,Absent,TV,,6,retained_negative
84730,84730,84730_AV,Present,Present,AV,PV+TV,7,ignored_ambiguous
84730,84730,84730_MV,Present,Present,MV,PV+TV,7,ignored_ambiguous
84730,84730,84730_PV,Present,Present,PV,PV+TV,7,retained_positive
84730,84730,84730_TV,Present,Present,TV,PV+TV,10,retained_positive
84732,84732,84732_AV,Present,Present,AV,MV,7,ignored_ambiguous
84732,84732,84732_MV,Present,Present,MV,MV,6,retained_positive
84733,84733,84733_AV,Absent,Absent,AV,,6,retained_negative
84733,84733,84733_MV,Absent,Absent,MV,,6,retained_negative
84733,84733,84733_PV,Absent,Absent,PV,,5,retained_negative
84733,84733,84733_TV,Absent,Absent,TV,,5,retained_negative
84734,84734,84734_AV,Absent,Absent,AV,,7,retained_negative
84734,84734,84734_MV,Absent,Absent,MV,,7,retained_negative
84734,84734,84734_PV,Absent,Absent,PV,,7,retained_negative
84734,84734,84734_TV,Absent,Absent,TV,,7,retained_negative
84735,84735,84735_AV,Absent,Absent,AV,,5,retained_negative
84735,84735,84735_MV,Absent,Absent,MV,,6,retained_negative
84735,84735,84735_PV,Absent,Absent,PV,,5,retained_negative
84735,84735,84735_TV,Absent,Absent,TV,,6,retained_negative
84738,84738,84738_AV,Absent,Absent,AV,,4,retained_negative
84738,84738,84738_MV,Absent,Absent,MV,,5,retained_negative
84738,84738,84738_PV,Absent,Absent,PV,,5,retained_negative
84738,84738,84738_TV,Absent,Absent,TV,,4,retained_negative
84742,84742,84742_AV,Absent,Absent,AV,,7,retained_negative
84742,84742,84742_MV,Absent,Absent,MV,,6,retained_negative
84742,84742,84742_PV,Absent,Absent,PV,,7,retained_negative
84742,84742,84742_TV,Absent,Absent,TV,,7,retained_negative
84743,84743,84743_AV,Absent,Absent,AV,,3,retained_negative
84743,84743,84743_MV,Absent,Absent,MV,,6,retained_negative
84743,84743,84743_PV,Absent,Absent,PV,,3,retained_negative
84743,84743,84743_TV,Absent,Absent,TV,,3,retained_negative
84749,84749,84749_AV,Absent,Absent,AV,,7,retained_negative
84749,84749,84749_MV,Absent,Absent,MV,,8,retained_negative
84749,84749,84749_PV,Absent,Absent,PV,,7,retained_negative
84749,84749,84749_TV,Absent,Absent,TV,,7,retained_negative
84754,84754,84754_AV,Absent,Absent,AV,,6,retained_negative
84754,84754,84754_MV,Absent,Absent,MV,,7,retained_negative
84754,84754,84754_TV,Absent,Absent,TV,,8,retained_negative
84758,84758,84758_AV,Absent,Absent,AV,,8,retained_negative
84758,84758,84758_MV,Absent,Absent,MV,,7,retained_negative
84758,84758,84758_PV,Absent,Absent,PV,,6,retained_negative
84758,84758,84758_TV,Absent,Absent,TV,,11,retained_negative
84760,84760,84760_MV,Absent,Absent,MV,,8,retained_negative
84760,84760,84760_PV,Absent,Absent,PV,,6,retained_negative
84760,84760,84760_TV,Absent,Absent,TV,,7,retained_negative
84762,84762,84762_AV,Absent,Absent,AV,,5,retained_negative
84762,84762,84762_MV,Absent,Absent,MV,,5,retained_negative
84762,84762,84762_PV,Absent,Absent,PV,,6,retained_negative
84762,84762,84762_TV,Absent,Absent,TV,,5,retained_negative
84764,84764,84764_AV,Absent,Absent,AV,,4,retained_negative
84764,84764,84764_MV,Absent,Absent,MV,,4,retained_negative
84764,84764,84764_PV,Absent,Absent,PV,,3,retained_negative
84764,84764,84764_TV,Absent,Absent,TV,,3,retained_negative
84768,84768,84768_PV,Absent,Absent,PV,,6,retained_negative
84768,84768,84768_TV,Absent,Absent,TV,,7,retained_negative
84775,84775,84775_AV,Absent,Absent,AV,,5,retained_negative
84775,84775,84775_MV,Absent,Absent,MV,,3,retained_negative
84775,84775,84775_PV,Absent,Absent,PV,,5,retained_negative
84775,84775,84775_TV,Absent,Absent,TV,,6,retained_negative
84776,84776,84776_AV,Absent,Absent,AV,,5,retained_negative
84776,84776,84776_MV,Absent,Absent,MV,,6,retained_negative
84776,84776,84776_PV,Absent,Absent,PV,,5,retained_negative
84776,84776,84776_TV,Absent,Absent,TV,,6,retained_negative
84779,84779,84779_AV,Absent,Absent,AV,,6,retained_negative
84779,84779,84779_MV,Absent,Absent,MV,,5,retained_negative
84779,84779,84779_PV,Absent,Absent,PV,,5,retained_negative
84779,84779,84779_TV,Absent,Absent,TV,,4,retained_negative
84784,84784,84784_AV,Absent,Absent,AV,,6,retained_negative
84784,84784,84784_MV,Absent,Absent,MV,,6,retained_negative
84785,84785,84785_AV,Absent,Absent,AV,,4,retained_negative
84785,84785,84785_MV,Absent,Absent,MV,,6,retained_negative
84785,84785,84785_PV,Absent,Absent,PV,,3,retained_negative
84785,84785,84785_TV,Absent,Absent,TV,,4,retained_negative
84786,84786,84786_AV,Present,Present,AV,MV+PV,7,ignored_ambiguous
84786,84786,84786_MV,Present,Present,MV,MV+PV,7,retained_positive
84786,84786,84786_PV,Present,Present,PV,MV+PV,6,retained_positive
84793,84793,84793_AV,Absent,Absent,AV,,2,retained_negative
84793,84793,84793_MV,Absent,Absent,MV,,3,retained_negative
84793,84793,84793_PV,Absent,Absent,PV,,3,retained_negative
84793,84793,84793_TV,Absent,Absent,TV,,4,retained_negative
84796,84796,84796_AV,Absent,Absent,AV,,8,retained_negative
84796,84796,84796_MV,Absent,Absent,MV,,7,retained_negative
84798,84798,84798_AV,Absent,Absent,AV,,5,retained_negative
84798,84798,84798_MV,Absent,Absent,MV,,5,retained_negative
84798,84798,84798_PV,Absent,Absent,PV,,2,retained_negative
84798,84798,84798_TV,Absent,Absent,TV,,2,retained_negative
84799,84799,84799_AV,Absent,Absent,AV,,5,retained_negative
84799,84799,84799_MV,Absent,Absent,MV,,6,retained_negative
84799,84799,84799_PV,Absent,Absent,PV,,6,retained_negative
84799,84799,84799_TV,Absent,Absent,TV,,6,retained_negative
84802,84802,84802_AV,Present,Present,AV,AV+PV,6,retained_positive
84802,84802,84802_MV,Present,Present,MV,AV+PV,6,ignored_ambiguous
84802,84802,84802_PV,Present,Present,PV,AV+PV,7,retained_positive
84802,84802,84802_TV,Present,Present,TV,AV+PV,6,ignored_ambiguous
84803,84803,84803_AV,Absent,Absent,AV,,7,retained_negative
84803,84803,84803_MV,Absent,Absent,MV,,7,retained_negative
84803,84803,84803_PV,Absent,Absent,PV,,7,retained_negative
84803,84803,84803_TV,Absent,Absent,TV,,7,retained_negative
84804,84804,84804_MV,Absent,Absent,MV,,7,retained_negative
84805,84805,84805_AV,Absent,Absent,AV,,5,retained_negative
84805,84805,84805_MV,Absent,Absent,MV,,6,retained_negative
84805,84805,84805_PV,Absent,Absent,PV,,6,retained_negative
84805,84805,84805_TV,Absent,Absent,TV,,6,retained_negative
84807,84807,84807_AV,Absent,Absent,AV,,6,retained_negative
84807,84807,84807_MV,Absent,Absent,MV,,7,retained_negative
84809,84809,84809_AV,Absent,Absent,AV,,6,retained_negative
84809,84809,84809_MV,Absent,Absent,MV,,7,retained_negative
84809,84809,84809_PV,Absent,Absent,PV,,7,retained_negative
84809,84809,84809_TV,Absent,Absent,TV,,7,retained_negative
84813,84813,84813_AV,Absent,Absent,AV,,2,retained_negative
84813,84813,84813_MV,Absent,Absent,MV,,4,retained_negative
84813,84813,84813_PV,Absent,Absent,PV,,2,retained_negative
84813,84813,84813_TV,Absent,Absent,TV,,2,retained_negative
84814,84814,84814_AV,Absent,Absent,AV,,6,retained_negative
84814,84814,84814_PV,Absent,Absent,PV,,7,retained_negative
84815,84815,84815_AV,Absent,Absent,AV,,5,retained_negative
84815,84815,84815_MV,Absent,Absent,MV,,5,retained_negative
84815,84815,84815_PV,Absent,Absent,PV,,3,retained_negative
84815,84815,84815_TV,Absent,Absent,TV,,3,retained_negative
84822,84822,84822_AV,Absent,Absent,AV,,6,retained_negative
84822,84822,84822_MV,Absent,Absent,MV,,5,retained_negative
84822,84822,84822_PV,Absent,Absent,PV,,6,retained_negative
84822,84822,84822_TV,Absent,Absent,TV,,6,retained_negative
84823,84823,84823_AV,Absent,Absent,AV,,3,retained_negative
84823,84823,84823_MV,Absent,Absent,MV,,5,retained_negative
84823,84823,84823_PV,Absent,Absent,PV,,4,retained_negative
84823,84823,84823_TV,Absent,Absent,TV,,4,retained_negative
84824,84824,84824_AV,Absent,Absent,AV,,7,retained_negative
84824,84824,84824_MV,Absent,Absent,MV,,7,retained_negative
84829,84829,84829_AV,Absent,Absent,AV,,7,retained_negative
84829,84829,84829_MV,Absent,Absent,MV,,7,retained_negative
84829,84829,84829_PV,Absent,Absent,PV,,7,retained_negative
84829,84829,84829_TV,Absent,Absent,TV,,6,retained_negative
84831,84831,84831_AV,Absent,Absent,AV,,6,retained_negative
84831,84831,84831_MV,Absent,Absent,MV,,7,retained_negative
84831,84831,84831_PV,Absent,Absent,PV,,7,retained_negative
84831,84831,84831_TV,Absent,Absent,TV,,7,retained_negative
84834,84834,84834_AV,Present,Present,AV,AV+MV+PV+TV,6,retained_positive
84834,84834,84834_MV,Present,Present,MV,AV+MV+PV+TV,6,retained_positive
84834,84834,84834_PV,Present,Present,PV,AV+MV+PV+TV,6,retained_positive
84834,84834,84834_TV,Present,Present,TV,AV+MV+PV+TV,6,retained_positive
84839,84839,84839_AV,Absent,Absent,AV,,7,retained_negative
84839,84839,84839_MV,Absent,Absent,MV,,7,retained_negative
84839,84839,84839_PV,Absent,Absent,PV,,7,retained_negative
84839,84839,84839_TV,Absent,Absent,TV,,7,retained_negative
84852,84852,84852_AV,Absent,Absent,AV,,9,retained_negative
84852,84852,84852_MV,Absent,Absent,MV,,6,retained_negative
84852,84852,84852_PV,Absent,Absent,PV,,7,retained_negative
84852,84852,84852_TV,Absent,Absent,TV,,10,retained_negative
84853,84853,84853_AV,Present,Present,AV,TV,2,ignored_ambiguous
84853,84853,84853_MV,Present,Present,MV,TV,3,ignored_ambiguous
84853,84853,84853_PV,Present,Present,PV,TV,3,ignored_ambiguous
84853,84853,84853_TV,Present,Present,TV,TV,1,retained_positive
84854,84854,84854_AV,Present,Present,AV,AV+MV+PV+TV,7,retained_positive
84854,84854,84854_MV,Present,Present,MV,AV+MV+PV+TV,7,retained_positive
84854,84854,84854_PV,Present,Present,PV,AV+MV+PV+TV,8,retained_positive
84854,84854,84854_TV,Present,Present,TV,AV+MV+PV+TV,7,retained_positive
84855,84855,84855_MV,Absent,Absent,MV,,6,retained_negative
84855,84855,84855_PV,Absent,Absent,PV,,7,retained_negative
84855,84855,84855_TV,Absent,Absent,TV,,11,retained_negative
84856,84856,84856_AV,Absent,Absent,AV,,4,retained_negative
84856,84856,84856_MV,Absent,Absent,MV,,5,retained_negative
84856,84856,84856_PV,Absent,Absent,PV,,6,retained_negative
84856,84856,84856_TV,Absent,Absent,TV,,4,retained_negative
84859,84859,84859_AV,Absent,Absent,AV,,7,retained_negative
84859,84859,84859_MV,Absent,Absent,MV,,7,retained_negative
84859,84859,84859_PV,Absent,Absent,PV,,6,retained_negative
84859,84859,84859_TV,Absent,Absent,TV,,7,retained_negative
84861,84861,84861_AV,Absent,Absent,AV,,4,retained_negative
84861,84861,84861_MV,Absent,Absent,MV,,5,retained_negative
84861,84861,84861_PV,Absent,Absent,PV,,3,retained_negative
84861,84861,84861_TV,Absent,Absent,TV,,4,retained_negative
84863,84863,84863_AV,Present,Present,AV,AV+MV+PV+TV,6,retained_positive
84863,84863,84863_MV,Present,Present,MV,AV+MV+PV+TV,6,retained_positive
84863,84863,84863_PV,Present,Present,PV,AV+MV+PV+TV,6,retained_positive
84863,84863,84863_TV,Present,Present,TV,AV+MV+PV+TV,6,retained_positive
84864,84864,84864_AV,Present,Present,AV,AV+MV+PV+TV,7,retained_positive
84864,84864,84864_MV,Present,Present,MV,AV+MV+PV+TV,7,retained_positive
84864,84864,84864_PV,Present,Present,PV,AV+MV+PV+TV,7,retained_positive
84864,84864,84864_TV,Present,Present,TV,AV+MV+PV+TV,10,retained_positive
84866,84866,84866_AV,Absent,Absent,AV,,5,retained_negative
84866,84866,84866_MV,Absent,Absent,MV,,6,retained_negative
84866,84866,84866_PV,Absent,Absent,PV,,3,retained_negative
84866,84866,84866_TV,Absent,Absent,TV,,3,retained_negative
84868,84868,84868_AV,Absent,Absent,AV,,7,retained_negative
84868,84868,84868_MV,Absent,Absent,MV,,7,retained_negative
84868,84868,84868_PV,Absent,Absent,PV,,6,retained_negative
84868,84868,84868_TV,Absent,Absent,TV,,10,retained_negative
84870,84870,84870_AV,Absent,Absent,AV,,7,retained_negative
84870,84870,84870_MV,Absent,Absent,MV,,7,retained_negative
84870,84870,84870_PV,Absent,Absent,PV,,7,retained_negative
84870,84870,84870_TV,Absent,Absent,TV,,7,retained_negative
84874,84874,84874_AV,Absent,Absent,AV,,3,retained_negative
84874,84874,84874_MV,Absent,Absent,MV,,8,retained_negative
84874,84874,84874_PV,Absent,Absent,PV,,3,retained_negative
84874,84874,84874_TV,Absent,Absent,TV,,2,retained_negative
84876,84876,84876_AV,Absent,Absent,AV,,9,retained_negative
84876,84876,84876_MV,Absent,Absent,MV,,5,retained_negative
84877,84877,84877_AV,Absent,Absent,AV,,8,retained_negative
84877,84877,84877_MV,Absent,Absent,MV,,8,retained_negative
84877,84877,84877_PV,Absent,Absent,PV,,5,retained_negative
84877,84877,84877_TV,Absent,Absent,TV,,5,retained_negative
84878,84878,84878_AV,Absent,Absent,AV,,7,retained_negative
84878,84878,84878_MV,Absent,Absent,MV,,7,retained_negative
84878,84878,84878_PV,Absent,Absent,PV,,7,retained_negative
84878,84878,84878_TV,Absent,Absent,TV,,6,retained_negative
84882,84882,84882_AV,Present,Present,AV,PV+TV,6,ignored_ambiguous
84882,84882,84882_MV,Present,Present,MV,PV+TV,6,ignored_ambiguous
84882,84882,84882_PV,Present,Present,PV,PV+TV,7,retained_positive
84882,84882,84882_TV,Present,Present,TV,PV+TV,7,retained_positive
84883,84883,84883_AV,Absent,Absent,AV,,7,retained_negative
84883,84883,84883_MV,Absent,Absent,MV,,7,retained_negative
84883,84883,84883_PV,Absent,Absent,PV,,9,retained_negative
84883,84883,84883_TV,Absent,Absent,TV,,7,retained_negative
84884,84884,84884_AV,Absent,Absent,AV,,7,retained_negative
84884,84884,84884_MV,Absent,Absent,MV,,6,retained_negative
84884,84884,84884_PV,Absent,Absent,PV,,7,retained_negative
84884,84884,84884_TV,Absent,Absent,TV,,7,retained_negative
84885,84885,84885_AV,Present,Present,AV,AV+MV,5,retained_positive
84885,84885,84885_MV,Present,Present,MV,AV+MV,9,retained_positive
84917,84917,84917_AV,Absent,Absent,AV,,6,retained_negative
84917,84917,84917_MV,Absent,Absent,MV,,8,retained_negative
84917,84917,84917_PV,Absent,Absent,PV,,7,retained_negative
84917,84917,84917_TV,Absent,Absent,TV,,7,retained_negative
84918,84918,84918_PV,Absent,Absent,PV,,7,retained_negative
84920,84920,84920_AV,Absent,Absent,AV,,3,retained_negative
84920,84920,84920_MV,Absent,Absent,MV,,4,retained_negative
84920,84920,84920_PV,Absent,Absent,PV,,4,retained_negative
84920,84920,84920_TV,Absent,Absent,TV,,5,retained_negative
84922,84922,84922_AV,Absent,Absent,AV,,3,retained_negative
84922,84922,84922_MV,Absent,Absent,MV,,5,retained_negative
84923,84923,84923_AV,Absent,Absent,AV,,2,retained_negative
84923,84923,84923_MV,Absent,Absent,MV,,7,retained_negative
84923,84923,84923_PV,Absent,Absent,PV,,2,retained_negative
84923,84923,84923_TV,Absent,Absent,TV,,2,retained_negative
84928,84928,84928_AV,Absent,Absent,AV,,2,retained_negative
84928,84928,84928_MV,Absent,Absent,MV,,5,retained_negative
84928,84928,84928_PV,Absent,Absent,PV,,1,retained_negative
84928,84928,84928_TV,Absent,Absent,TV,,2,retained_negative
84930,84930,84930_AV,Absent,Absent,AV,,7,retained_negative
84930,84930,84930_MV,Absent,Absent,MV,,7,retained_negative
84930,84930,84930_PV,Absent,Absent,PV,,7,retained_negative
84930,84930,84930_TV,Absent,Absent,TV,,7,retained_negative
84935,84935,84935_AV,Absent,Absent,AV,,7,retained_negative
84935,84935,84935_MV,Absent,Absent,MV,,6,retained_negative
84935,84935,84935_PV,Absent,Absent,PV,,10,retained_negative
84935,84935,84935_TV,Absent,Absent,TV,,7,retained_negative
84945,84945,84945_AV,Absent,Absent,AV,,7,retained_negative
84945,84945,84945_MV,Absent,Absent,MV,,6,retained_negative
84945,84945,84945_PV,Absent,Absent,PV,,7,retained_negative
84945,84945,84945_TV,Absent,Absent,TV,,3,retained_negative
84946,84946,84946_AV,Absent,Absent,AV,,7,retained_negative
84946,84946,84946_MV,Absent,Absent,MV,,4,retained_negative
84946,84946,84946_PV,Absent,Absent,PV,,3,retained_negative
84946,84946,84946_TV,Absent,Absent,TV,,6,retained_negative
84947,84947,84947_AV,Absent,Absent,AV,,3,retained_negative
84947,84947,84947_MV,Absent,Absent,MV,,3,retained_negative
84947,84947,84947_PV,Absent,Absent,PV,,3,retained_negative
84947,84947,84947_TV,Absent,Absent,TV,,2,retained_negative
84949,84949,84949_AV,Present,Present,AV,AV+MV+PV+TV,7,retained_positive
84949,84949,84949_MV,Present,Present,MV,AV+MV+PV+TV,7,retained_positive
84949,84949,84949_PV,Present,Present,PV,AV+MV+PV+TV,7,retained_positive
84949,84949,84949_TV,Present,Present,TV,AV+MV+PV+TV,7,retained_positive
84952,84952,84952_AV,Absent,Absent,AV,,7,retained_negative
84952,84952,84952_PV,Absent,Absent,PV,,7,retained_negative
84952,84952,84952_TV,Absent,Absent,TV,,11,retained_negative
84957,84957,84957_AV,Absent,Absent,AV,,6,retained_negative
84957,84957,84957_MV,Absent,Absent,MV,,7,retained_negative
84957,84957,84957_PV,Absent,Absent,PV,,6,retained_negative
84957,84957,84957_TV,Absent,Absent,TV,,10,retained_negative
84961,84961,84961_AV,Absent,Absent,AV,,8,retained_negative
84961,84961,84961_MV,Absent,Absent,MV,,8,retained_negative
84961,84961,84961_PV,Absent,Absent,PV,,7,retained_negative
84961,84961,84961_TV,Absent,Absent,TV,,9,retained_negative
84965,84965,84965_AV,Absent,Absent,AV,,2,retained_negative
84965,84965,84965_MV,Absent,Absent,MV,,6,retained_negative
84965,84965,84965_PV,Absent,Absent,PV,,3,retained_negative
84965,84965,84965_TV,Absent,Absent,TV,,5,retained_negative
84966,84966,84966_AV,Absent,Absent,AV,,11,retained_negative
84966,84966,84966_PV,Absent,Absent,PV,,7,retained_negative
84969,84969,84969_MV,Absent,Absent,MV,,8,retained_negative
84970,84970,84970_AV,Absent,Absent,AV,,8,retained_negative
84970,84970,84970_MV,Absent,Absent,MV,,6,retained_negative
84973,84973,84973_AV,Absent,Absent,AV,,8,retained_negative
84973,84973,84973_MV,Absent,Absent,MV,,7,retained_negative
84973,84973,84973_PV,Absent,Absent,PV,,7,retained_negative
84973,84973,84973_TV,Absent,Absent,TV,,8,retained_negative
84977,84977,84977_AV,Absent,Absent,AV,,3,retained_negative
84977,84977,84977_MV,Absent,Absent,MV,,7,retained_negative
84977,84977,84977_PV,Absent,Absent,PV,,7,retained_negative
84977,84977,84977_TV,Absent,Absent,TV,,7,retained_negative
84978,84978,84978_AV,Absent,Absent,AV,,7,retained_negative
84978,84978,84978_MV,Absent,Absent,MV,,7,retained_negative
84978,84978,84978_PV,Absent,Absent,PV,,7,retained_negative
84978,84978,84978_TV,Absent,Absent,TV,,10,retained_negative
84982,84982,84982_AV,Absent,Absent,AV,,7,retained_negative
84982,84982,84982_MV,Absent,Absent,MV,,6,retained_negative
84982,84982,84982_PV,Absent,Absent,PV,,6,retained_negative
84982,84982,84982_TV,Absent,Absent,TV,,6,retained_negative
84985,84985,84985_AV,Absent,Absent,AV,,2,retained_negative
84985,84985,84985_MV,Absent,Absent,MV,,3,retained_negative
84985,84985,84985_PV,Absent,Absent,PV,,2,retained_negative
84985,84985,84985_TV,Absent,Absent,TV,,1,retained_negative
84990,84990,84990_AV,Absent,Absent,AV,,4,retained_negative
84990,84990,84990_MV,Absent,Absent,MV,,5,retained_negative
84990,84990,84990_PV,Absent,Absent,PV,,3,retained_negative
84990,84990,84990_TV,Absent,Absent,TV,,4,retained_negative
84991,84991,84991_AV,Absent,Absent,AV,,7,retained_negative
84991,84991,84991_MV,Absent,Absent,MV,,6,retained_negative
84991,84991,84991_PV,Absent,Absent,PV,,6,retained_negative
84991,84991,84991_TV,Absent,Absent,TV,,10,retained_negative
84992,84992,84992_AV,Absent,Absent,AV,,7,retained_negative
84992,84992,84992_PV,Absent,Absent,PV,,7,retained_negative
84992,84992,84992_TV,Absent,Absent,TV,,7,retained_negative
84994,84994,84994_AV,Absent,Absent,AV,,8,retained_negative
84994,84994,84994_MV,Absent,Absent,MV,,6,retained_negative
84994,84994,84994_PV,Absent,Absent,PV,,7,retained_negative
84994,84994,84994_TV,Absent,Absent,TV,,6,retained_negative
85002,85002,85002_AV,Present,Present,AV,AV+MV+PV+TV,7,retained_positive
85002,85002,85002_MV,Present,Present,MV,AV+MV+PV+TV,8,retained_positive
85002,85002,85002_PV,Present,Present,PV,AV+MV+PV+TV,7,retained_positive
85002,85002,85002_TV,Present,Present,TV,AV+MV+PV+TV,6,retained_positive
85004,85004,85004_MV,Present,Present,MV,MV,8,retained_positive
85010,85010,85010_AV,Absent,Absent,AV,,7,retained_negative
85010,85010,85010_MV,Absent,Absent,MV,,7,retained_negative
85010,85010,85010_PV,Absent,Absent,PV,,7,retained_negative
85010,85010,85010_TV,Absent,Absent,TV,,7,retained_negative
85018,85018,85018_AV,Absent,Absent,AV,,7,retained_negative
85018,85018,85018_MV,Absent,Absent,MV,,7,retained_negative
85023,85023,85023_AV,Absent,Absent,AV,,2,retained_negative
85023,85023,85023_MV,Absent,Absent,MV,,8,retained_negative
85023,85023,85023_PV,Absent,Absent,PV,,3,retained_negative
85023,85023,85023_TV,Absent,Absent,TV,,3,retained_negative
85024,85024,85024_AV,Present,Present,AV,AV+MV+PV+TV,7,retained_positive
85024,85024,85024_MV,Present,Present,MV,AV+MV+PV+TV,7,retained_positive
85024,85024,85024_PV,Present,Present,PV,AV+MV+PV+TV,7,retained_positive
85024,85024,85024_TV,Present,Present,TV,AV+MV+PV+TV,7,retained_positive
85026,85026,85026_AV,Absent,Absent,AV,,7,retained_negative
85026,85026,85026_MV,Absent,Absent,MV,,8,retained_negative
85027,85027,85027_AV,Absent,Absent,AV,,3,retained_negative
85027,85027,85027_MV,Absent,Absent,MV,,10,retained_negative
85027,85027,85027_PV,Absent,Absent,PV,,8,retained_negative
85027,85027,85027_TV,Absent,Absent,TV,,5,retained_negative
85028,85028,85028_AV,Absent,Absent,AV,,4,retained_negative
85028,85028,85028_MV,Absent,Absent,MV,,7,retained_negative
85028,85028,85028_PV,Absent,Absent,PV,,7,retained_negative
85028,85028,85028_TV,Absent,Absent,TV,,5,retained_negative
85030,85030,85030_AV,Present,Present,AV,PV+TV,2,ignored_ambiguous
85030,85030,85030_MV,Present,Present,MV,PV+TV,6,ignored_ambiguous
85030,85030,85030_PV,Present,Present,PV,PV+TV,3,retained_positive
85030,85030,85030_TV,Present,Present,TV,PV+TV,4,retained_positive
85031,85031,85031_AV,Present,Present,AV,AV+MV+PV+TV,3,retained_positive
85031,85031,85031_MV,Present,Present,MV,AV+MV+PV+TV,5,retained_positive
85031,85031,85031_PV,Present,Present,PV,AV+MV+PV+TV,4,retained_positive
85031,85031,85031_TV,Present,Present,TV,AV+MV+PV+TV,3,retained_positive
85034,85034,85034_AV,Absent,Absent,AV,,7,retained_negative
85034,85034,85034_MV,Absent,Absent,MV,,4,retained_negative
85035,85035,85035_AV,Absent,Absent,AV,,3,retained_negative
85035,85035,85035_MV,Absent,Absent,MV,,8,retained_negative
85035,85035,85035_PV,Absent,Absent,PV,,2,retained_negative
85035,85035,85035_TV,Absent,Absent,TV,,2,retained_negative
85036,85036,85036_AV,Present,Present,AV,AV+MV+PV+TV,7,retained_positive
85036,85036,85036_MV,Present,Present,MV,AV+MV+PV+TV,10,retained_positive
85036,85036,85036_PV,Present,Present,PV,AV+MV+PV+TV,9,retained_positive
85036,85036,85036_TV,Present,Present,TV,AV+MV+PV+TV,6,retained_positive
85037,85037,85037_AV,Present,Present,AV,TV,4,ignored_ambiguous
85037,85037,85037_MV,Present,Present,MV,TV,7,ignored_ambiguous
85037,85037,85037_PV,Present,Present,PV,TV,8,ignored_ambiguous
85037,85037,85037_TV,Present,Present,TV,TV,3,retained_positive
85042,85042,85042_AV,Present,Present,AV,PV+TV,6,ignored_ambiguous
85042,85042,85042_MV,Present,Present,MV,PV+TV,6,ignored_ambiguous
85042,85042,85042_PV,Present,Present,PV,PV+TV,7,retained_positive
85042,85042,85042_TV,Present,Present,TV,PV+TV,6,retained_positive
85044,85044,85044_AV,Absent,Absent,AV,,9,retained_negative
85044,85044,85044_PV,Absent,Absent,PV,,7,retained_negative
85048,85048,85048_AV,Absent,Absent,AV,,7,retained_negative
85048,85048,85048_MV,Absent,Absent,MV,,7,retained_negative
85048,85048,85048_PV,Absent,Absent,PV,,7,retained_negative
85048,85048,85048_TV,Absent,Absent,TV,,11,retained_negative
85053,85053,85053_AV,Absent,Absent,AV,,8,retained_negative
85053,85053,85053_MV,Absent,Absent,MV,,5,retained_negative
85053,85053,85053_PV,Absent,Absent,PV,,7,retained_negative
85053,85053,85053_TV,Absent,Absent,TV,,10,retained_negative
85055,85055,85055_AV,Present,Present,AV,AV+PV,8,retained_positive
85055,85055,85055_PV,Present,Present,PV,AV+PV,7,retained_positive
85055,85055,85055_TV,Present,Present,TV,AV+PV,9,ignored_ambiguous
85057,85057,85057_AV,Present,Present,AV,AV+MV+PV+TV,6,retained_positive
85057,85057,85057_MV,Present,Present,MV,AV+MV+PV+TV,7,retained_positive
85057,85057,85057_PV,Present,Present,PV,AV+MV+PV+TV,6,retained_positive
85057,85057,85057_TV,Present,Present,TV,AV+MV+PV+TV,6,retained_positive
85062,85062,85062_AV,Absent,Absent,AV,,6,retained_negative
85062,85062,85062_MV,Absent,Absent,MV,,6,retained_negative
85062,85062,85062_PV,Absent,Absent,PV,,7,retained_negative
85062,85062,85062_TV,Absent,Absent,TV,,6,retained_negative
85063,85063,85063_MV,Absent,Absent,MV,,9,retained_negative
85066,85066,85066_MV,Absent,Absent,MV,,7,retained_negative
85069,85069,85069_AV,Present,Present,AV,TV,1,ignored_ambiguous
85069,85069,85069_MV,Present,Present,MV,TV,4,ignored_ambiguous
85069,85069,85069_PV,Present,Present,PV,TV,2,ignored_ambiguous
85069,85069,85069_TV,Present,Present,TV,TV,3,retained_positive
85075,85075,85075_AV,Absent,Absent,AV,,3,retained_negative
85075,85075,85075_MV,Absent,Absent,MV,,7,retained_negative
85075,85075,85075_PV,Absent,Absent,PV,,3,retained_negative
85075,85075,85075_TV,Absent,Absent,TV,,6,retained_negative
85076,85076,85076_MV,Absent,Absent,MV,,11,retained_negative
85076,85076,85076_PV,Absent,Absent,PV,,6,retained_negative
85079,85079,85079_AV,Present,Present,AV,AV+MV+PV+TV,6,retained_positive
85079,85079,85079_MV,Present,Present,MV,AV+MV+PV+TV,7,retained_positive
85079,85079,85079_PV,Present,Present,PV,AV+MV+PV+TV,10,retained_positive
85079,85079,85079_TV,Present,Present,TV,AV+MV+PV+TV,8,retained_positive
85080,85080,85080_AV,Present,Present,AV,AV+MV+PV+TV,9,retained_positive
85080,85080,85080_MV,Present,Present,MV,AV+MV+PV+TV,7,retained_positive
85080,85080,85080_PV,Present,Present,PV,AV+MV+PV+TV,7,retained_positive
85080,85080,85080_TV,Present,Present,TV,AV+MV+PV+TV,12,retained_positive
85084,85084,85084_AV,Absent,Absent,AV,,7,retained_negative
85084,85084,85084_PV,Absent,Absent,PV,,7,retained_negative
85084,85084,85084_TV,Absent,Absent,TV,,11,retained_negative
85091,85091,85091_AV,Absent,Absent,AV,,6,retained_negative
85091,85091,85091_MV,Absent,Absent,MV,,11,retained_negative
85093,85093,85093_AV,Absent,Absent,AV,,7,retained_negative
85093,85093,85093_MV,Absent,Absent,MV,,7,retained_negative
85093,85093,85093_PV,Absent,Absent,PV,,8,retained_negative
85093,85093,85093_TV,Absent,Absent,TV,,6,retained_negative
85094,85094,85094_AV,Absent,Absent,AV,,6,retained_negative
85094,85094,85094_MV,Absent,Absent,MV,,7,retained_negative
85094,85094,85094_PV,Absent,Absent,PV,,5,retained_negative
85094,85094,85094_TV,Absent,Absent,TV,,5,retained_negative
85096,85096,85096_AV,Absent,Absent,AV,,7,retained_negative
85096,85096,85096_MV,Absent,Absent,MV,,7,retained_negative
85096,85096,85096_PV,Absent,Absent,PV,,7,retained_negative
85096,85096,85096_TV,Absent,Absent,TV,,7,retained_negative
85099,85099,85099_AV,Absent,Absent,AV,,7,retained_negative
85099,85099,85099_MV,Absent,Absent,MV,,10,retained_negative
85099,85099,85099_PV,Absent,Absent,PV,,7,retained_negative
85099,85099,85099_TV,Absent,Absent,TV,,11,retained_negative
85100,85100,85100_AV,Absent,Absent,AV,,7,retained_negative
85100,85100,85100_PV,Absent,Absent,PV,,8,retained_negative
85105,85105,85105_PV,Absent,Absent,PV,,7,retained_negative
85105,85105,85105_TV,Absent,Absent,TV,,11,retained_negative
85108,85108,85108_AV,Present,Present,AV,TV,2,ignored_ambiguous
85108,85108,85108_MV,Present,Present,MV,TV,4,ignored_ambiguous
85108,85108,85108_PV,Present,Present,PV,TV,3,ignored_ambiguous
85108,85108,85108_TV,Present,Present,TV,TV,4,retained_positive
85109,85109,85109_AV,Absent,Absent,AV,,7,retained_negative
85109,85109,85109_MV,Absent,Absent,MV,,6,retained_negative
85109,85109,85109_PV,Absent,Absent,PV,,9,retained_negative
85109,85109,85109_TV,Absent,Absent,TV,,7,retained_negative
85113,85113,85113_AV,Absent,Absent,AV,,6,retained_negative
85113,85113,85113_MV,Absent,Absent,MV,,7,retained_negative
85113,85113,85113_PV,Absent,Absent,PV,,6,retained_negative
85113,85113,85113_TV,Absent,Absent,TV,,7,retained_negative
85116,85116,85116_AV,Absent,Absent,AV,,3,retained_negative
85116,85116,85116_MV,Absent,Absent,MV,,8,retained_negative
85116,85116,85116_PV,Absent,Absent,PV,,5,retained_negative
85116,85116,85116_TV,Absent,Absent,TV,,4,retained_negative
85118,85118,85118_AV,Absent,Absent,AV,,8,retained_negative
85118,85118,85118_MV,Absent,Absent,MV,,7,retained_negative
85118,85118,85118_PV,Absent,Absent,PV,,8,retained_negative
85118,85118,85118_TV,Absent,Absent,TV,,10,retained_negative
85121,85121,85121_AV,Absent,Absent,AV,,7,retained_negative
85121,85121,85121_MV,Absent,Absent,MV,,7,retained_negative
85121,85121,85121_PV,Absent,Absent,PV,,6,retained_negative
85121,85121,85121_TV,Absent,Absent,TV,,7,retained_negative
85122,85122,85122_AV,Absent,Absent,AV,,8,retained_negative
85122,85122,85122_MV,Absent,Absent,MV,,7,retained_negative
85122,85122,85122_PV,Absent,Absent,PV,,7,retained_negative
85122,85122,85122_TV,Absent,Absent,TV,,10,retained_negative
85128,85128,85128_AV,Absent,Absent,AV,,7,retained_negative
85128,85128,85128_MV,Absent,Absent,MV,,8,retained_negative
85128,85128,85128_PV,Absent,Absent,PV,,6,retained_negative
85128,85128,85128_TV,Absent,Absent,TV,,7,retained_negative
85131,85131,85131_AV,Absent,Absent,AV,,3,retained_negative
85131,85131,85131_MV,Absent,Absent,MV,,7,retained_negative
85131,85131,85131_PV,Absent,Absent,PV,,5,retained_negative
85131,85131,85131_TV,Absent,Absent,TV,,2,retained_negative
85132,85132,85132_AV,Present,Present,AV,PV+TV,6,ignored_ambiguous
85132,85132,85132_MV,Present,Present,MV,PV+TV,7,ignored_ambiguous
85132,85132,85132_PV,Present,Present,PV,PV+TV,8,retained_positive
85132,85132,85132_TV,Present,Present,TV,PV+TV,7,retained_positive
85134,85134,85134_AV,Absent,Absent,AV,,7,retained_negative
85134,85134,85134_MV,Absent,Absent,MV,,8,retained_negative
85134,85134,85134_PV,Absent,Absent,PV,,10,retained_negative
85134,85134,85134_TV,Absent,Absent,TV,,7,retained_negative
85135,85135,85135_MV,Present,Present,MV,TV,6,ignored_ambiguous
85135,85135,85135_PV,Present,Present,PV,TV,7,ignored_ambiguous
85135,85135,85135_TV,Present,Present,TV,TV,11,retained_positive
85143,85143,85143_AV,Absent,Absent,AV,,7,retained_negative
85143,85143,85143_MV,Absent,Absent,MV,,6,retained_negative
85143,85143,85143_PV,Absent,Absent,PV,,6,retained_negative
85143,85143,85143_TV,Absent,Absent,TV,,11,retained_negative
85150,85150,85150_AV,Absent,Absent,AV,,7,retained_negative
85150,85150,85150_PV,Absent,Absent,PV,,10,retained_negative
85151,85151,85151_AV,Absent,Absent,AV,,7,retained_negative
85151,85151,85151_MV,Absent,Absent,MV,,7,retained_negative
85151,85151,85151_PV,Absent,Absent,PV,,6,retained_negative
85151,85151,85151_TV,Absent,Absent,TV,,6,retained_negative
85152,85152,85152_AV,Absent,Absent,AV,,6,retained_negative
85152,85152,85152_MV,Absent,Absent,MV,,7,retained_negative
85152,85152,85152_PV,Absent,Absent,PV,,7,retained_negative
85152,85152,85152_TV,Absent,Absent,TV,,7,retained_negative
85154,85154,85154_AV,Absent,Absent,AV,,7,retained_negative
85154,85154,85154_MV,Absent,Absent,MV,,6,retained_negative
85154,85154,85154_PV,Absent,Absent,PV,,7,retained_negative
85154,85154,85154_TV,Absent,Absent,TV,,6,retained_negative
85161,85161,85161_AV,Absent,Absent,AV,,5,retained_negative
85161,85161,85161_MV,Absent,Absent,MV,,5,retained_negative
85161,85161,85161_PV,Absent,Absent,PV,,9,retained_negative
85161,85161,85161_TV,Absent,Absent,TV,,5,retained_negative
85162,85162,85162_AV,Absent,Absent,AV,,7,retained_negative
85162,85162,85162_MV,Absent,Absent,MV,,8,retained_negative
85162,85162,85162_PV,Absent,Absent,PV,,7,retained_negative
85162,85162,85162_TV,Absent,Absent,TV,,10,retained_negative
85163,85163,85163_AV,Absent,Absent,AV,,3,retained_negative
85163,85163,85163_MV,Absent,Absent,MV,,13,retained_negative
85163,85163,85163_PV,Absent,Absent,PV,,5,retained_negative
85163,85163,85163_TV,Absent,Absent,TV,,6,retained_negative
85165,85165,85165_AV,Present,Present,AV,AV+MV,6,retained_positive
85165,85165,85165_MV,Present,Present,MV,AV+MV,8,retained_positive
85166,85166,85166_AV,Absent,Absent,AV,,7,retained_negative
85166,85166,85166_MV,Absent,Absent,MV,,7,retained_negative
85166,85166,85166_PV,Absent,Absent,PV,,9,retained_negative
85166,85166,85166_TV,Absent,Absent,TV,,7,retained_negative
85167,85167,85167_PV,Absent,Absent,PV,,7,retained_negative
85167,85167,85167_TV,Absent,Absent,TV,,8,retained_negative
85168,85168,85168_AV,Absent,Absent,AV,,2,retained_negative
85168,85168,85168_MV,Absent,Absent,MV,,6,retained_negative
85168,85168,85168_PV,Absent,Absent,PV,,2,retained_negative
85168,85168,85168_TV,Absent,Absent,TV,,4,retained_negative
85169,85169,85169_AV,Present,Present,AV,AV,6,retained_positive
85169,85169,85169_MV,Present,Present,MV,AV,7,ignored_ambiguous
85169,85169,85169_PV,Present,Present,PV,AV,6,ignored_ambiguous
85169,85169,85169_TV,Present,Present,TV,AV,6,ignored_ambiguous
85172,85172,85172_AV,Present,Present,AV,AV+MV+PV+TV,3,retained_positive
85172,85172,85172_MV,Present,Present,MV,AV+MV+PV+TV,9,retained_positive
85172,85172,85172_PV,Present,Present,PV,AV+MV+PV+TV,4,retained_positive
85172,85172,85172_TV,Present,Present,TV,AV+MV+PV+TV,4,retained_positive
85176,85176,85176_AV,Absent,Absent,AV,,4,retained_negative
85176,85176,85176_MV,Absent,Absent,MV,,12,retained_negative
85176,85176,85176_PV,Absent,Absent,PV,,5,retained_negative
85176,85176,85176_TV,Absent,Absent,TV,,4,retained_negative
85180,85180,85180_AV,Absent,Absent,AV,,7,retained_negative
85180,85180,85180_MV,Absent,Absent,MV,,7,retained_negative
85180,85180,85180_PV,Absent,Absent,PV,,7,retained_negative
85180,85180,85180_TV,Absent,Absent,TV,,11,retained_negative
85181,85181,85181_AV,Absent,Absent,AV,,8,retained_negative
85181,85181,85181_PV,Absent,Absent,PV,,7,retained_negative
85184,85184,85184_AV,Absent,Absent,AV,,6,retained_negative
85184,85184,85184_MV,Absent,Absent,MV,,6,retained_negative
85184,85184,85184_PV,Absent,Absent,PV,,7,retained_negative
85184,85184,85184_TV,Absent,Absent,TV,,6,retained_negative
85186,85186,85186_AV,Absent,Absent,AV,,8,retained_negative
85186,85186,85186_PV,Absent,Absent,PV,,8,retained_negative
85186,85186,85186_TV,Absent,Absent,TV,,6,retained_negative
85192,85192,85192_AV,Absent,Absent,AV,,6,retained_negative
85192,85192,85192_MV,Absent,Absent,MV,,7,retained_negative
85192,85192,85192_PV,Absent,Absent,PV,,6,retained_negative
85192,85192,85192_TV,Absent,Absent,TV,,6,retained_negative
85199,85199,85199_AV,Present,Present,AV,PV,8,ignored_ambiguous
85199,85199,85199_PV,Present,Present,PV,PV,7,retained_positive
85207,85207,85207_AV,Present,Present,AV,AV+MV+PV+TV,6,retained_positive
85207,85207,85207_MV,Present,Present,MV,AV+MV+PV+TV,6,retained_positive
85207,85207,85207_PV,Present,Present,PV,AV+MV+PV+TV,6,retained_positive
85207,85207,85207_TV,Present,Present,TV,AV+MV+PV+TV,6,retained_positive
85210,85210,85210_AV,Absent,Absent,AV,,7,retained_negative
85210,85210,85210_MV,Absent,Absent,MV,,7,retained_negative
85210,85210,85210_PV,Absent,Absent,PV,,7,retained_negative
85210,85210,85210_TV,Absent,Absent,TV,,11,retained_negative
85213,85213,85213_AV,Absent,Absent,AV,,3,retained_negative
85213,85213,85213_MV,Absent,Absent,MV,,7,retained_negative
85213,85213,85213_PV,Absent,Absent,PV,,7,retained_negative
85213,85213,85213_TV,Absent,Absent,TV,,7,retained_negative
85216,85216,85216_AV,Absent,Absent,AV,,6,retained_negative
85216,85216,85216_MV,Absent,Absent,MV,,6,retained_negative
85216,85216,85216_PV,Absent,Absent,PV,,8,retained_negative
85216,85216,85216_TV,Absent,Absent,TV,,6,retained_negative
85217,85217,85217_AV,Absent,Absent,AV,,2,retained_negative
85217,85217,85217_MV,Absent,Absent,MV,,7,retained_negative
85217,85217,85217_PV,Absent,Absent,PV,,5,retained_negative
85217,85217,85217_TV,Absent,Absent,TV,,7,retained_negative
85219,85219,85219_AV,Present,Present,AV,MV+PV+TV,6,ignored_ambiguous
85219,85219,85219_MV,Present,Present,MV,MV+PV+TV,6,retained_positive
85219,85219,85219_PV,Present,Present,PV,MV+PV+TV,7,retained_positive
85219,85219,85219_TV,Present,Present,TV,MV+PV+TV,6,retained_positive
85225,85225,85225_AV,Absent,Absent,AV,,3,retained_negative
85225,85225,85225_MV,Absent,Absent,MV,,11,retained_negative
85225,85225,85225_PV,Absent,Absent,PV,,7,retained_negative
85225,85225,85225_TV,Absent,Absent,TV,,3,retained_negative
85226,85226,85226_MV,Absent,Absent,MV,,7,retained_negative
85226,85226,85226_PV,Absent,Absent,PV,,5,retained_negative
85226,85226,85226_TV,Absent,Absent,TV,,4,retained_negative
85230,85230,85230_AV,Absent,Absent,AV,,6,retained_negative
85230,85230,85230_MV,Absent,Absent,MV,,6,retained_negative
85230,85230,85230_PV,Absent,Absent,PV,,7,retained_negative
85230,85230,85230_TV,Absent,Absent,TV,,8,retained_negative
50688,85234,85234_AV,Absent,Absent,AV,,4,retained_negative
50688,85234,85234_MV,Absent,Absent,MV,,5,retained_negative
50688,85234,85234_PV,Absent,Absent,PV,,2,retained_negative
50688,85234,85234_TV,Absent,Absent,TV,,3,retained_negative
85236,85236,85236_AV,Absent,Absent,AV,,8,retained_negative
85236,85236,85236_MV,Absent,Absent,MV,,10,retained_negative
85236,85236,85236_PV,Absent,Absent,PV,,6,retained_negative
85236,85236,85236_TV,Absent,Absent,TV,,6,retained_negative
85239,85239,85239_AV,Absent,Absent,AV,,7,retained_negative
85239,85239,85239_MV,Absent,Absent,MV,,8,retained_negative
85239,85239,85239_PV,Absent,Absent,PV,,7,retained_negative
85239,85239,85239_TV,Absent,Absent,TV,,12,retained_negative
85240,85240,85240_AV,Absent,Absent,AV,,6,retained_negative
85240,85240,85240_PV,Absent,Absent,PV,,6,retained_negative
85240,85240,85240_TV,Absent,Absent,TV,,6,retained_negative
85242,85242,85242_MV,Absent,Absent,MV,,6,retained_negative
85243,85243,85243_AV,Present,Present,AV,PV,6,ignored_ambiguous
85243,85243,85243_PV,Present,Present,PV,PV,7,retained_positive
85244,85244,85244_AV,Absent,Absent,AV,,5,retained_negative
85244,85244,85244_MV,Absent,Absent,MV,,5,retained_negative
85244,85244,85244_PV,Absent,Absent,PV,,6,retained_negative
85244,85244,85244_TV,Absent,Absent,TV,,8,retained_negative
85245,85245,85245_AV,Absent,Absent,AV,,6,retained_negative
85245,85245,85245_PV,Absent,Absent,PV,,6,retained_negative
85245,85245,85245_TV,Absent,Absent,TV,,8,retained_negative
85246,85246,85246_AV,Absent,Absent,AV,,6,retained_negative
85246,85246,85246_MV,Absent,Absent,MV,,6,retained_negative
85246,85246,85246_PV,Absent,Absent,PV,,6,retained_negative
85246,85246,85246_TV,Absent,Absent,TV,,7,retained_negative
85247,85247,85247_AV,Absent,Absent,AV,,5,retained_negative
85247,85247,85247_MV,Absent,Absent,MV,,7,retained_negative
85247,85247,85247_PV,Absent,Absent,PV,,6,retained_negative
85247,85247,85247_TV,Absent,Absent,TV,,6,retained_negative
85249,85249,85249_AV,Absent,Absent,AV,,7,retained_negative
85249,85249,85249_MV,Absent,Absent,MV,,8,retained_negative
85249,85249,85249_PV,Absent,Absent,PV,,8,retained_negative
85249,85249,85249_TV,Absent,Absent,TV,,10,retained_negative
85252,85252,85252_AV,Absent,Absent,AV,,4,retained_negative
85252,85252,85252_MV,Absent,Absent,MV,,8,retained_negative
85252,85252,85252_PV,Absent,Absent,PV,,4,retained_negative
85252,85252,85252_TV,Absent,Absent,TV,,4,retained_negative
85253,85253,85253_AV,Absent,Absent,AV,,7,retained_negative
85253,85253,85253_MV,Absent,Absent,MV,,7,retained_negative
85253,85253,85253_PV,Absent,Absent,PV,,7,retained_negative
85253,85253,85253_TV,Absent,Absent,TV,,7,retained_negative
85259,85259,85259_AV,Present,Present,AV,AV+MV,6,retained_positive
85259,85259,85259_MV,Present,Present,MV,AV+MV,8,retained_positive
85261,85261,85261_AV,Present,Present,AV,AV+MV+PV+TV,6,retained_positive
85261,85261,85261_MV,Present,Present,MV,AV+MV+PV+TV,8,retained_positive
85261,85261,85261_PV,Present,Present,PV,AV+MV+PV+TV,4,retained_positive
85261,85261,85261_TV,Present,Present,TV,AV+MV+PV+TV,4,retained_positive
85264,85264,85264_MV,Absent,Absent,MV,,8,retained_negative
85265,85265,85265_AV,Absent,Absent,AV,,8,retained_negative
85265,85265,85265_MV,Absent,Absent,MV,,6,retained_negative
85265,85265,85265_PV,Absent,Absent,PV,,7,retained_negative
85265,85265,85265_TV,Absent,Absent,TV,,9,retained_negative
85269,85269,85269_AV,Present,Present,AV,PV,7,ignored_ambiguous
85269,85269,85269_PV,Present,Present,PV,PV,6,retained_positive
85270,85270,85270_AV,Absent,Absent,AV,,6,retained_negative
85270,85270,85270_MV,Absent,Absent,MV,,6,retained_negative
85270,85270,85270_PV,Absent,Absent,PV,,6,retained_negative
85270,85270,85270_TV,Absent,Absent,TV,,6,retained_negative
85276,85276,85276_MV,Present,Present,MV,MV,7,retained_positive
85277,85277,85277_AV,Absent,Absent,AV,,7,retained_negative
85277,85277,85277_MV,Absent,Absent,MV,,6,retained_negative
85277,85277,85277_PV,Absent,Absent,PV,,7,retained_negative
85277,85277,85277_TV,Absent,Absent,TV,,6,retained_negative
85278,85278,85278_AV,Absent,Absent,AV,,4,retained_negative
85278,85278,85278_MV,Absent,Absent,MV,,9,retained_negative
85278,85278,85278_PV,Absent,Absent,PV,,4,retained_negative
85278,85278,85278_TV,Absent,Absent,TV,,6,retained_negative
85282,85282,85282_AV,Absent,Absent,AV,,2,retained_negative
85282,85282,85282_MV,Absent,Absent,MV,,7,retained_negative
85282,85282,85282_PV,Absent,Absent,PV,,4,retained_negative
85282,85282,85282_TV,Absent,Absent,TV,,5,retained_negative
85285,85285,85285_AV,Absent,Absent,AV,,7,retained_negative
85285,85285,85285_MV,Absent,Absent,MV,,7,retained_negative
85285,85285,85285_PV,Absent,Absent,PV,,7,retained_negative
85285,85285,85285_TV,Absent,Absent,TV,,11,retained_negative
85286,85286,85286_AV,Absent,Absent,AV,,7,retained_negative
85286,85286,85286_MV,Absent,Absent,MV,,6,retained_negative
85286,85286,85286_PV,Absent,Absent,PV,,8,retained_negative
85286,85286,85286_TV,Absent,Absent,TV,,5,retained_negative
85287,85287,85287_MV,Absent,Absent,MV,,7,retained_negative
85287,85287,85287_PV,Absent,Absent,PV,,10,retained_negative
85287,85287,85287_TV,Absent,Absent,TV,,7,retained_negative
85288,85288,85288_AV,Absent,Absent,AV,,6,retained_negative
85288,85288,85288_MV,Absent,Absent,MV,,6,retained_negative
85288,85288,85288_PV,Absent,Absent,PV,,6,retained_negative
85288,85288,85288_TV,Absent,Absent,TV,,7,retained_negative
85293,85293,85293_AV,Absent,Absent,AV,,7,retained_negative
85293,85293,85293_MV,Absent,Absent,MV,,6,retained_negative
85293,85293,85293_PV,Absent,Absent,PV,,8,retained_negative
85293,85293,85293_TV,Absent,Absent,TV,,11,retained_negative
85296,85296,85296_AV,Absent,Absent,AV,,3,retained_negative
85296,85296,85296_MV,Absent,Absent,MV,,11,retained_negative
85296,85296,85296_PV,Absent,Absent,PV,,4,retained_negative
85296,85296,85296_TV,Absent,Absent,TV,,4,retained_negative
85299,85299,85299_AV,Absent,Absent,AV,,3,retained_negative
85299,85299,85299_MV,Absent,Absent,MV,,7,retained_negative
85299,85299,85299_PV,Absent,Absent,PV,,6,retained_negative
85299,85299,85299_TV,Absent,Absent,TV,,6,retained_negative
85301,85301,85301_AV,Absent,Absent,AV,,5,retained_negative
85301,85301,85301_MV,Absent,Absent,MV,,6,retained_negative
85301,85301,85301_PV,Absent,Absent,PV,,3,retained_negative
85301,85301,85301_TV,Absent,Absent,TV,,3,retained_negative
85305,85305,85305_AV,Absent,Absent,AV,,7,retained_negative
85305,85305,85305_MV,Absent,Absent,MV,,7,retained_negative
85305,85305,85305_PV,Absent,Absent,PV,,6,retained_negative
85305,85305,85305_TV,Absent,Absent,TV,,11,retained_negative
85306,85306,85306_AV,Present,Present,AV,AV+MV,7,retained_positive
85306,85306,85306_MV,Present,Present,MV,AV+MV,7,retained_positive
85308,85308,85308_AV,Absent,Absent,AV,,6,retained_negative
85308,85308,85308_MV,Absent,Absent,MV,,8,retained_negative
85308,85308,85308_PV,Absent,Absent,PV,,6,retained_negative
85308,85308,85308_TV,Absent,Absent,TV,,7,retained_negative
85312,85312,85312_AV,Absent,Absent,AV,,6,retained_negative
85312,85312,85312_MV,Absent,Absent,MV,,7,retained_negative
85312,85312,85312_PV,Absent,Absent,PV,,6,retained_negative
85312,85312,85312_TV,Absent,Absent,TV,,7,retained_negative
85315,85315,85315_AV,Absent,Absent,AV,,4,retained_negative
85315,85315,85315_MV,Absent,Absent,MV,,10,retained_negative
85315,85315,85315_PV,Absent,Absent,PV,,3,retained_negative
85315,85315,85315_TV,Absent,Absent,TV,,7,retained_negative
85316,85316,85316_AV,Absent,Absent,AV,,6,retained_negative
85316,85316,85316_MV,Absent,Absent,MV,,7,retained_negative
85316,85316,85316_PV,Absent,Absent,PV,,7,retained_negative
85316,85316,85316_TV,Absent,Absent,TV,,7,retained_negative
85321,85321,85321_PV,Absent,Absent,PV,,8,retained_negative
85321,85321,85321_TV,Absent,Absent,TV,,7,retained_negative
85326,85326,85326_AV,Absent,Absent,AV,,7,retained_negative
85326,85326,85326_MV,Absent,Absent,MV,,7,retained_negative
85326,85326,85326_PV,Absent,Absent,PV,,7,retained_negative
85326,85326,85326_TV,Absent,Absent,TV,,10,retained_negative
85327,85327,85327_AV,Absent,Absent,AV,,3,retained_negative
85327,85327,85327_MV,Absent,Absent,MV,,8,retained_negative
85327,85327,85327_PV,Absent,Absent,PV,,3,retained_negative
85327,85327,85327_TV,Absent,Absent,TV,,2,retained_negative
85328,85328,85328_AV,Absent,Absent,AV,,8,retained_negative
85328,85328,85328_MV,Absent,Absent,MV,,6,retained_negative
85328,85328,85328_PV,Absent,Absent,PV,,7,retained_negative
85328,85328,85328_TV,Absent,Absent,TV,,6,retained_negative
85329,85329,85329_AV,Absent,Absent,AV,,7,retained_negative
85329,85329,85329_MV,Absent,Absent,MV,,6,retained_negative
85329,85329,85329_PV,Absent,Absent,PV,,7,retained_negative
85329,85329,85329_TV,Absent,Absent,TV,,10,retained_negative
85332,85332,85332_AV,Absent,Absent,AV,,6,retained_negative
85332,85332,85332_PV,Absent,Absent,PV,,7,retained_negative
85334,85334,85334_AV,Absent,Absent,AV,,6,retained_negative
85334,85334,85334_MV,Absent,Absent,MV,,7,retained_negative
85334,85334,85334_PV,Absent,Absent,PV,,6,retained_negative
85334,85334,85334_TV,Absent,Absent,TV,,6,retained_negative
85335,85335,85335_AV,Absent,Absent,AV,,7,retained_negative
85335,85335,85335_PV,Absent,Absent,PV,,8,retained_negative
85335,85335,85335_TV,Absent,Absent,TV,,11,retained_negative
85336,85336,85336_AV,Absent,Absent,AV,,5,retained_negative
85336,85336,85336_MV,Absent,Absent,MV,,6,retained_negative
85338,85338,85338_AV,Absent,Absent,AV,,8,retained_negative
85338,85338,85338_MV,Absent,Absent,MV,,6,retained_negative
85338,85338,85338_PV,Absent,Absent,PV,,6,retained_negative
85338,85338,85338_TV,Absent,Absent,TV,,7,retained_negative
85339,85339,85339_MV,Present,Present,MV,MV,7,retained_positive
85340,85340,85340_AV,Absent,Absent,AV,,6,retained_negative
85340,85340,85340_MV,Absent,Absent,MV,,7,retained_negative
85340,85340,85340_PV,Absent,Absent,PV,,7,retained_negative
85340,85340,85340_TV,Absent,Absent,TV,,6,retained_negative
85343,85343,85343_AV,Present,Present,AV,MV+TV,6,ignored_ambiguous
85343,85343,85343_MV,Present,Present,MV,MV+TV,6,retained_positive
85343,85343,85343_PV,Present,Present,PV,MV+TV,10,ignored_ambiguous
85343,85343,85343_TV,Present,Present,TV,MV+TV,6,retained_positive
85345,85345,85345_AV,Absent,Absent,AV,,4,retained_negative
85345,85345,85345_PV,Absent,Absent,PV,,6,retained_negative
85349,85349,85349_AV,Absent,Absent,AV,,6,retained_negative
85349,85349,85349_PV,Absent,Absent,PV,,6,retained_negative
85349,85349,85349_TV,Absent,Absent,TV,,6,retained_negative
9979,9979,9979_AV,Present,Present,AV,AV+MV+PV+TV,6,retained_positive
9979,9979,9979_MV,Present,Present,MV,AV+MV+PV+TV,7,retained_positive
9979,9979,9979_PV,Present,Present,PV,AV+MV+PV+TV,7,retained_positive
9979,9979,9979_TV,Present,Present,TV,AV+MV+PV+TV,8,retained_positive
